timestamp(ms),PRX.D0,PRX.D45,PRX.D90,PRX.D135,PRX.D180,PRX.D225,PRX.D270,PRX.D315,ATT.Roll,ATT.Pitch,ATT.Yaw
282661.675,1.87732172012329,2.92961668968201,3.04988026618958,60,7.27435207366943,3.48215794563293,3.44356870651245,3.08450269699097,0.02,2.76,159.89
282761.675,1.87803888320923,2.93105840682983,3.04908657073975,60,7.2798810005188,3.48167419433594,3.44261312484741,3.08374333381653,0.02,2.76,159.91
282861.675,1.87832188606262,2.93162727355957,3.04777550697327,60,7.28206348419189,3.47926783561707,3.44223618507385,3.08103847503662,0.02,2.76,159.91
282961.675,1.8785640001297,2.93211388587952,3.04665350914001,60,7.28393030166626,3.47720885276794,3.44206690788269,3.07872438430786,0.02,2.76,159.92
283061.675,1.87877130508423,2.93253040313721,3.04569339752197,60,7.2847785949707,3.4754467010498,3.4424901008606,3.07674407958984,0.02,2.76,159.92
283161.675,1.87894868850708,2.93288683891296,3.04517889022827,60,7.2848105430603,3.47393870353699,3.44285225868225,3.07504916191101,0.02,2.76,159.93
283261.675,1.87910151481628,2.93253350257874,3.04588103294373,60,7.28483819961548,3.47660326957703,3.44316506385803,3.07536482810974,0.02,2.76,159.93
283361.675,1.87922990322113,2.9321711063385,3.04646992683411,60,7.28486204147339,3.47923421859741,3.44342756271362,3.07602763175964,0.02,2.76,159.94
283461.675,1.87934100627899,2.93185806274414,3.04697942733765,60,7.28488111495972,3.48150944709778,3.44365429878235,3.07660126686096,0.02,2.76,159.95
283561.675,1.87943601608276,2.93158984184265,3.04741525650024,60,7.28489828109741,3.48345637321472,3.44450306892395,3.07709193229675,0.02,2.77,159.96
283661.675,1.87951755523682,2.93136048316956,3.04778861999512,60,7.28491258621216,3.48512268066406,3.44529676437378,3.07751178741455,0.02,2.77,159.96
283761.675,1.8795872926712,2.93205690383911,3.04693531990051,60,7.28492593765259,3.48476266860962,3.44597554206848,3.07862043380737,0.02,2.76,159.96
283861.675,1.87964701652527,2.93320322036743,3.04593443870544,60,7.28493547439575,3.48335385322571,3.44655609130859,3.08026266098022,0.02,2.76,159.97
283961.675,1.87969791889191,2.93418407440186,3.04507780075073,60,7.28494501113892,3.48214840888977,3.44705295562744,3.08166790008545,0.02,2.77,159.98
284061.675,1.87974154949188,2.93502330780029,3.04434537887573,60,7.28495407104492,3.48111629486084,3.44747805595398,3.08287048339844,0.02,2.77,159.99
284161.675,1.87977886199951,2.93574166297913,3.04371809959412,60,7.28571033477783,3.48023343086243,3.44784188270569,3.08389925956726,0.02,2.77,160
284261.675,1.87981081008911,2.93635654449463,3.0430281162262,60,7.2870512008667,3.47947835922241,3.44815349578857,3.08478021621704,0.02,2.77,160
284361.675,1.87983822822571,2.93543910980225,3.04186916351318,60,7.28819847106934,3.47883224487305,3.44842004776001,3.08422493934631,0.02,2.77,160.01
284461.675,1.87986159324646,2.93465447425842,3.04087781906128,60,7.28918075561523,3.47827911376953,3.44864773750305,3.08361482620239,0.02,2.77,160.01
284561.675,1.8798816204071,2.93398261070251,3.04002952575684,60,7.29002094268799,3.47780561447144,3.44884276390076,3.08309316635132,0.02,2.77,160.02
284661.675,1.87938177585602,2.93340802192688,3.03930377960205,60,7.2907395362854,3.4774010181427,3.4495267868042,3.08264636993408,0.02,2.77,160.02
284761.675,1.87874937057495,2.93291640281677,3.03868293762207,60,7.28808212280273,3.47705459594727,3.45031666755676,3.08226442337036,0.02,2.77,160.02
284861.675,1.87820839881897,2.93219304084778,3.04038310050964,60,7.28547286987305,3.47645592689514,3.45099258422852,3.08193755149841,0.03,2.77,160.03
284961.675,1.87774550914764,2.93115496635437,3.0432140827179,60,7.28324031829834,3.47552442550659,3.45157074928284,3.08165788650513,0.03,2.77,160.04
285061.675,1.87734949588776,2.93026685714722,3.04563665390015,60,7.28133010864258,3.47472763061523,3.45206570625305,3.08141875267029,0.03,2.77,160.05
285161.675,1.87701046466827,2.92950677871704,3.04770946502686,60,7.27969551086426,3.47404527664185,3.45248889923096,3.08121395111084,0.03,2.77,160.05
285261.675,1.87671756744385,2.92885088920593,3.04949951171875,60,7.27828311920166,3.47345638275146,3.4528546333313,3.08103680610657,0.03,2.77,160.06
285361.675,1.8757221698761,2.92830038070679,3.05100107192993,60,7.27709817886353,3.47296237945557,3.45278668403625,3.08088898658752,0.03,2.77,160.06
285461.675,1.87417483329773,2.92782402038574,3.05229997634888,60,7.27865791320801,3.47253513336182,3.45238471031189,3.08076047897339,0.03,2.77,160.08
285561.675,1.87285077571869,2.927570104599,3.05401563644409,60,7.28101682662964,3.47278308868408,3.45204043388367,3.08065032958984,0.03,2.77,160.08
285661.675,1.8717178106308,2.92792081832886,3.0563223361969,60,7.28303575515747,3.47526788711548,3.45174622535706,3.08055639266968,0.03,2.78,160.09
285761.675,1.87074828147888,2.92822122573853,3.05829620361328,60,7.28476238250732,3.47739434242249,3.45149421691895,3.0804762840271,0.03,2.78,160.09
285861.675,1.86991858482361,2.92847776412964,3.05998492240906,60,7.2862401008606,3.47921371459961,3.45127868652344,3.08040761947632,0.03,2.78,160.09
285961.675,1.86920869350433,2.92869758605957,3.06143045425415,60,7.28750467300415,3.48077034950256,3.45109415054321,3.08034896850586,0.03,2.78,160.1
286061.675,1.86928653717041,2.9288854598999,3.06266689300537,60,7.28858661651611,3.48210215568542,3.45116448402405,3.08029842376709,0.03,2.78,160.11
286161.675,1.87083268165588,2.9290463924408,3.06372499465942,60,7.28731632232666,3.48324179649353,3.45171809196472,3.08025550842285,0.03,2.78,160.11
286261.675,1.87215566635132,2.92918372154236,3.06326031684875,60,7.28481721878052,3.48421716690063,3.4521918296814,3.08021879196167,0.03,2.78,160.11
286361.675,1.8732875585556,2.92930150032043,3.059903383255,60,7.28267765045166,3.48505163192749,3.45259690284729,3.07953286170959,0.04,2.78,160.13
286461.675,1.87425625324249,2.92940235137939,3.05703091621399,57.5960006713867,7.28084802627564,3.48576545715332,3.4529435634613,3.07887864112854,0.04,2.78,160.13
286561.675,1.87567138671875,2.92948865890503,3.05457282066345,57.5960006713867,7.27928256988525,3.48637628555298,3.45265412330627,3.07831859588623,0.04,2.78,160.13
286661.675,1.87701749801636,2.92956256866455,3.05246996879578,57.5960006713867,7.27866411209106,3.48689913749695,3.45227122306824,3.07783985137939,0.04,2.78,160.14
286761.675,1.87816965579987,2.92925119400024,3.05273723602295,57.5960006713867,7.27813529968262,3.48697185516357,3.45194363594055,3.07833647727966,0.04,2.78,160.15
286861.675,1.87915551662445,2.92863798141479,3.05378556251526,57.5960006713867,7.27768182754517,3.48668742179871,3.45166301727295,3.0800199508667,0.04,2.78,160.16
286961.675,1.87999892234802,2.92811298370361,3.05468249320984,57.5960006713867,7.27729463577271,3.48644399642944,3.45142292976379,3.08145999908447,0.04,2.78,160.16
287061.675,1.88041388988495,2.92766332626343,3.05544996261597,60,7.27696371078491,3.48623561859131,3.45121788978577,3.08269238471985,0.04,2.78,160.17
287161.675,1.87963259220123,2.92727899551392,3.05610680580139,60,7.27788925170898,3.48605704307556,3.45104169845581,3.08374691009521,0.04,2.78,160.17
287261.675,1.87896382808685,2.92694973945618,3.05659914016724,60,7.28035831451416,3.48590469360352,3.4508912563324,3.08464908599854,0.04,2.78,160.17
287361.675,1.87839186191559,2.92470526695251,3.05636835098267,60,7.28247117996216,3.48446536064148,3.45076274871826,3.08483529090881,0.04,2.78,160.18
287461.675,1.8779022693634,2.92258310317993,3.05617094039917,60,7.28427934646606,3.48309946060181,3.4506528377533,3.08485913276672,0.04,2.78,160.18
287561.675,1.87778556346893,2.92076706886292,3.05600214004517,60,7.28582715988159,3.48193073272705,3.45055866241455,3.08487939834595,0.04,2.78,160.19
287661.675,1.87810528278351,2.91921353340149,3.05585765838623,60,7.28625869750977,3.48093032836914,3.45047807693481,3.0848970413208,0.04,2.78,160.2
287761.675,1.87837874889374,2.91827058792114,3.05596208572388,60,7.28607654571533,3.47999691963196,3.45040917396545,3.08491206169128,0.04,2.78,160.2
287861.675,1.87861287593842,2.9206850528717,3.05654501914978,60,7.28592157363892,3.47855424880981,3.45034980773926,3.08564639091492,0.04,2.78,160.21
287961.675,1.87881290912628,2.9227511882782,3.05704379081726,60,7.28578901290894,3.47731971740723,3.45029926300049,3.08627438545227,0.04,2.78,160.22
288061.675,1.879359126091,2.92451882362366,3.05747056007385,60,7.28567504882813,3.47626352310181,3.45100593566895,3.08681225776672,0.04,2.78,160.22
288161.675,1.88017308712006,2.92603158950806,3.05783581733704,60,7.28381872177124,3.47535943984985,3.452303647995,3.08727240562439,0.04,2.78,160.22
288261.675,1.8808696269989,2.92709755897522,3.05664873123169,60,7.28182411193848,3.47527074813843,3.45341444015503,3.08751249313354,0.03,2.77,160.22
288361.675,1.88146579265594,2.92751622200012,3.0542459487915,60,7.28011751174927,3.47667479515076,3.45436477661133,3.08714985847473,0.03,2.76,160.23
288461.675,1.88197588920593,2.92787456512451,3.05218958854675,60,7.27865743637085,3.47787618637085,3.45517802238464,3.0868399143219,0.03,2.75,160.24
288561.675,1.8818953037262,2.92818212509155,3.05043053627014,60,7.2774076461792,3.47890424728394,3.45380687713623,3.08657431602478,0.03,2.75,160.24
288661.675,1.88162195682526,2.92844438552856,3.04892492294312,60,7.27561712265015,3.47978377342224,3.4518141746521,3.0863471031189,0.03,2.74,160.25
288761.675,1.88138771057129,2.92776226997375,3.04815363883972,60,7.27408409118652,3.48295426368713,3.45010924339294,3.08523917198181,0.03,2.74,160.26
288861.675,1.88118731975555,2.92592024803162,3.04769897460937,60,7.27277278900147,3.48902201652527,3.44865012168884,3.08231806755066,0.04,2.74,160.26
288961.675,1.88101601600647,2.92434430122375,3.0473096370697,60,7.27165079116821,3.49421429634094,3.44740200042725,3.07981896400452,0.04,2.74,160.26
289061.675,1.88086926937103,2.92299580574036,3.0469765663147,60,7.27099800109863,3.49865746498108,3.4469883441925,3.07768058776855,0.04,2.74,160.28
289161.675,1.88074374198914,2.92184162139893,3.04669165611267,60,7.27157592773438,3.50245904922485,3.44670152664185,3.07585048675537,0.04,2.74,160.28
289261.675,1.88063645362854,2.91996216773987,3.0495491027832,60,7.27206993103027,3.50437164306641,3.44645619392395,3.07428550720215,0.03,2.75,160.29
289361.675,1.88054466247559,2.91780424118042,3.05249857902527,60,7.27249240875244,3.50518321990967,3.44624614715576,3.07294654846191,0.04,2.74,160.29
289461.675,1.88053584098816,2.91595768928528,3.05502271652222,60,7.27285385131836,3.50587773323059,3.4461362361908,3.07179999351501,0.04,2.74,160.29
289561.675,1.88114941120148,2.91445112228394,3.05708193778992,60,7.27268838882446,3.50644445419312,3.44666767120361,3.07086539268494,0.03,2.74,160.3
289661.675,1.88168442249298,2.91313767433167,3.05887699127197,60,7.27092504501343,3.50693869590759,3.44713068008423,3.07005023956299,0.03,2.74,160.31
289761.675,1.88218009471893,2.91295385360718,3.0597927570343,60,7.26929092407227,3.5068793296814,3.44755983352661,3.06929469108582,0.02,2.71,160.29
289861.675,1.88258707523346,2.91324949264526,3.06054425239563,60,7.2679500579834,3.50660800933838,3.44791197776794,3.06867456436157,0.02,2.66,160.3
289961.675,1.88278186321259,2.91350221633911,3.06118726730347,60,7.2668023109436,3.50637578964233,3.44821286201477,3.06814455986023,0.03,2.61,160.3
290061.675,1.88239514827728,2.91371035575867,3.06171703338623,60,7.26558399200439,3.50618457794189,3.44846129417419,3.06770706176758,0.03,2.61,160.3
290161.675,1.88203692436218,2.91390323638916,3.06189894676208,60,7.26399993896484,3.50600743293762,3.44869160652161,3.06730222702026,0.09,2.05,160.34
290261.675,1.88174307346344,2.9046835899353,3.05945992469788,60,7.26270055770874,3.5660662651062,3.44888067245483,3.05055856704712,0.15,1.14,160.32
290361.675,1.8814914226532,2.8946270942688,3.05737328529358,60,7.26158952713013,3.62364053726196,3.44904184341431,3.03243827819824,0.5,-0.19,159.84
290461.675,1.85558915138245,2.88602161407471,3.05558753013611,60,7.26063776016235,3.67290568351746,3.46126794815063,3.01693248748779,0.53,0.14,158.39
290561.675,1.797776222229,2.87865853309631,3.05405974388123,60,7.51247501373291,3.71506071090698,3.48850560188293,3.00366473197937,0.03,2.11,155.77
290661.675,1.74830675125122,2.87235760688782,3.05275177955627,60,7.88374185562134,3.75113201141357,3.51181221008301,2.99231195449829,0.23,3.78,152.39
290761.675,1.70597660541534,2.86696577072144,3.05163311958313,60,8.2014274597168,3.78199768066406,3.5317554473877,2.9825975894928,0.62,4.05,148.74
290861.675,1.66975581645966,2.86235284805298,60,60,8.47326469421387,3.92313814163208,3.54882049560547,3.33451318740845,0.43,3.56,145.2
290961.675,1.63876235485077,2.85840535163879,60,60,8.70586967468262,4.08937406539917,3.5634229183197,3.85774374008179,0.25,2.74,142.06
291061.675,1.61224186420441,60,60,60,8.90490627288818,4.23161935806274,3.5759174823761,4.30546140670776,-0.35,1.81,139.63
291161.675,60,60,60,60,9.07521724700928,4.3533353805542,3.65504169464111,4.68856430053711,-0.18,1.55,137.73
291261.675,60,60,60,60,9.22094821929932,4.45748567581177,4.29293012619019,5.0163779258728,-0.18,1.55,137.73
291361.675,60,60,60,60,11.8330030441284,4.54660558700562,4.83875799179077,5.29688167572022,-0.84,0.1,135.32
291461.675,60,60,60,60,14.3235292434692,4.62286233901978,5.3058123588562,5.5369029045105,-0.52,0,134.71
291561.675,60,60,60,60,16.4546241760254,4.85841226577759,5.7054615020752,5.7868914604187,-0.22,0.41,134.35
291661.675,60,60,60,60,18.278133392334,5.05996465682983,6.04742813110352,6.04206085205078,-0.22,0.41,134.35
291761.675,60,60,60,60,19.8385009765625,5.23243236541748,6.34004688262939,6.26040840148926,0.59,1.92,134.94
291861.675,60,60,60,60,21.2286548614502,5.38000965118408,6.59043502807617,6.44724369049072,0.59,1.92,134.94
291961.675,60,60,60,60,22.8762607574463,5.50628805160522,6.80468797683716,6.60711526870728,1.35,5.67,136.67
292061.675,60,60,60,60,24.2860832214355,5.614342212677,8.30073547363281,6.74391412734985,2.06,8.78,137.18
292161.675,60,60,60,60,25.4924411773682,5.78768825531006,9.71568584442139,6.86097049713135,2.47,8.95,137.28
292261.675,60,60,60,8.25500011444092,26.5246982574463,5.9547119140625,10.9264297485352,60,3.13,7.37,137.25
292361.675,60,60,60,8.25500011444092,24.9872646331787,6.09763050079346,11.9624404907227,60,3.01,5.7,137.19
292461.675,60,60,60,8.25500011444092,22.1791954040527,6.21992254257202,12.8489351272583,60,2.31,4.91,136.69
292561.675,60,60,60,8.25500011444092,19.7763862609863,6.32456493377686,60,60,1.6,4.52,136.12
292661.675,60,60,60,8.25500011444092,17.7203483581543,6.41287803649902,60,60,1.25,4.04,135.54
292761.675,60,60,60,8.25500011444092,15.9610385894775,6.4839015007019,60,60,0.88,3.65,134.77
292861.675,60,60,60,60,14.4556322097778,6.54467391967773,60,60,1.08,3.26,134.11
292961.675,60,60,60,60,13.1674861907959,6.59667587280273,60,60,1.43,2.77,133.94
293061.675,60,60,60,60,12.1679000854492,6.63702917098999,60,60,1.64,2.54,134.53
293161.675,60,60,60,60,60,6.67919445037842,60,60,1.71,2.36,135.83
293261.675,60,60,60,60,60,6.69830656051636,60,60,1.71,2.36,135.83
293361.675,60,60,60,60,60,6.68556261062622,60,60,1.64,1.84,139.94
293461.675,60,60,60,60,19.3911724090576,6.67465734481812,60,60,1.5,2.07,142.56
293561.675,60,60,60,60,20.9619274139404,6.66532564163208,60,60,1.46,2.48,145.23
293661.675,60,60,60,60,22.3059921264648,6.65734100341797,60,60,1.4,3.47,147.84
293761.675,60,60,60,60,23.4560794830322,6.65050935745239,60,60,1.4,3.47,147.84
293861.675,60,60,60,60,24.4401874542236,6.64466333389282,60,60,1.28,3.23,153.4
293961.675,60,60,60,60,25.2822685241699,60,60,60,1.37,2.88,156.55
294061.675,60,60,60,60,26.0028209686279,60,60,60,1.71,2.87,159.88
294161.675,60,60,60,60,26.6193809509277,60,60,60,1.67,2.87,163.26
294261.675,60,60,60,60,26.2760467529297,60,42.2760009765625,60,1.66,3.72,166.52
294361.675,60,60,60,60,24.1017189025879,60,42.2760009765625,60,1.95,4.41,169.38
294461.675,60,60,60,60,22.2411880493164,60,42.2760009765625,60,2.05,4.63,171.71
294561.675,60,60,60,60,20.649169921875,60,42.2760009765625,60,1.97,4.48,173.55
294661.675,60,60,60,60,19.2869129180908,60,42.2760009765625,60,1.69,3.44,157.5
294761.675,60,60,60,60,18.1212501525879,60,42.2760009765625,60,1.22,2.17,157.7
294861.675,60,60,60,60,17.1238212585449,60,42.2760009765625,60,0.63,1.37,157.04
294961.675,60,60,60,60,16.2703399658203,60,60,60,-0.11,1.96,156.34
295061.675,60,60,60,60,15.5400323867798,60,60,60,-0.47,2.66,156.17
295161.675,60,60,60,60,14.9151229858398,60,60,60,-0.35,3.35,155.89
295261.675,60,60,60,60,14.2734241485596,60,60,60,-0.4,3.88,155.7
295361.675,60,60,60,60,13.6819400787354,60,60,60,-0.1,4.12,155.68
295461.675,60,60,60,60,13.175820350647,60,60,60,0.69,4.52,155.75
295561.675,60,60,60,60,12.7427415847778,60,60,60,1.17,4.65,155.76
295661.675,60,60,60,60,12.3721656799316,60,60,60,1.38,4.53,155.73
295761.675,60,60,60,60,12.0550708770752,60,60,60,1.16,4.69,155.55
295861.675,60,60,60,60,11.7837381362915,60,60,60,1.16,4.69,155.55
295961.675,60,60,60,60,26.5750007629395,60,60,60,0.6,5.18,154.94
296061.675,60,60,60,60,26.5750007629395,60,60,60,-0.03,4.9,154.49
296161.675,60,60,60,60,26.5750007629395,60,60,60,-0.58,4.18,153.69
296261.675,60,60,60,60,26.5750007629395,60,60,60,-0.9,3.42,152.55
296361.675,60,60,60,60,26.5750007629395,60,60,60,-1.18,2.96,151.46
296461.675,60,60,60,60,26.5750007629395,60,60,60,-1.17,2.77,150.65
296561.675,60,60,60,60,26.5750007629395,60,60,60,-0.96,2.7,150.09
296661.675,60,60,60,60,26.5750007629395,60,60,60,-0.42,2.77,149.63
296761.675,60,60,60,60,26.5750007629395,60,60,60,0.09,2.87,149.21
296861.675,60,60,60,60,26.5750007629395,60,60,60,0.33,3.13,148.69
296961.675,60,60,60,60,26.5750007629395,60,60,60,0.46,2.98,148.16
297061.675,60,60,60,60,26.5750007629395,60,60,60,0.44,2.46,147.77
297161.675,60,60,60,60,26.5750007629395,60,60,60,0.44,2.46,147.77
297261.675,60,60,60,60,26.5750007629395,60,60,60,0.38,2.12,147.67
297361.675,60,60,60,60,26.1227989196777,60,60,60,0.27,1.84,147.74
297461.675,60,60,60,60,25.5566692352295,60,60,60,0.43,1.72,147.77
297561.675,60,60,60,60,25.0722370147705,60,60,60,0.58,1.78,147.6
297661.675,60,60,60,60,24.6577224731445,60,60,60,0.58,2.3,147.02
297761.675,60,60,60,60,24.3030261993408,60,60,60,0.58,2.3,147.02
297861.675,60,60,60,60,23.9995288848877,60,60,60,0.25,3.49,145.46
297961.675,60,60,60,60,24.1437950134277,60,60,60,0.25,3.49,145.46
298061.675,60,60,60,60,24.5163097381592,60,60,60,0.23,3.81,143.95
298161.675,60,60,60,60,24.8350677490234,60,60,60,0.23,3.81,143.95
298261.675,60,60,60,60,25.1078205108643,60,60,60,0.42,4.57,142.73
298361.675,60,60,60,60,25.3412113189697,60,60,60,0.6,4.82,142.11
298461.675,60,60,60,60,25.5409145355225,60,60,60,0.7,4.78,141.45
298561.675,60,60,60,60,25.8384208679199,60,60,60,0.94,4.65,140.82
298661.675,60,60,60,60,26.2687168121338,60,60,60,0.94,4.65,140.82
298761.675,60,60,60,60,26.6369094848633,60,60,60,1.24,4.77,139.47
298861.675,60,60,60,60,26.9519710540771,60,60,60,1.24,4.77,139.47
298961.675,60,60,60,60,27.221565246582,60,60,60,1.11,5.58,138.04
299061.675,60,60,60,60,27.4522495269775,60,60,60,1.11,5.58,138.04
299161.675,60,60,60,60,27.6496429443359,60,60,60,1.3,5.14,136.74
299261.675,60,60,60,60,27.8742504119873,60,60,60,1.21,4.8,136.13
299361.675,60,60,60,60,28.5874423980713,60,60,60,1.18,4.19,135.54
299461.675,60,60,60,60,29.1977005004883,60,60,60,0.98,3.54,134.97
299561.675,60,60,60,60,29.7198944091797,60,60,60,0.67,3.23,134.37
299661.675,60,60,60,60,30.166711807251,60,60,60,0.45,3.04,133.77
299761.675,60,60,60,60,30.5490589141846,60,60,60,0.45,3.04,133.77
299861.675,60,60,60,60,30.8762226104736,60,60,60,0.25,2.96,133.33
299961.675,60,60,60,60,31.1561717987061,60,60,60,0.18,3.17,133.25
300061.675,60,60,60,60,31.3957138061523,60,60,60,0.13,3.08,133.55
300161.675,60,60,60,60,31.6006927490234,60,60,60,0.07,2.69,134.31
300261.675,60,60,60,60,31.7760810852051,60,60,60,-0.01,2.16,135.59
300361.675,60,60,60,60,31.9261608123779,60,60,60,0.48,1.78,137.98
300461.675,,,,,,,,,0.62,2.02,138.52
300561.675,,,,,,,,,0.62,2.02,138.52
300661.675,,,,,,,,,0.49,2.63,138.53
300761.675,,,,,,,,,0.17,2.81,138.26
300861.675,,,,,,,,,0.01,2.89,137.94
300961.675,,,,,,,,,-0.26,2.8,137.66
301061.675,,,,,,,,,-0.34,2.74,137.46
301161.675,,,,,,,,,-0.17,2.76,137.28
301261.675,,,,,,,,,0.22,3.07,137.09
301361.675,,,,,,,,,0.58,3.32,137
301461.675,,,,,,,,,0.87,3.31,136.98
301561.675,,,,,,,,,1.02,3.26,136.99
301661.675,,,,,,,,,1.2,3.34,137.06
301761.675,,,,,,,,,1.34,3.41,137.18
301861.675,,,,,,,,,1.37,3.39,137.32
301961.675,,,,,,,,,1.39,3.29,137.44
302061.675,,,,,,,,,1.27,3.13,137.55
302161.675,,,,,,,,,1.14,2.99,137.63
302261.675,,,,,,,,,1.15,2.78,137.65
302361.675,,,,,,,,,1.11,2.77,137.62
302461.675,,,,,,,,,1.08,2.63,137.6
302561.675,,,,,,,,,1.12,2.48,137.6
302661.675,,,,,,,,,1.13,2.36,137.52
302761.675,,,,,,,,,1.13,2.27,137.38
302861.675,,,,,,,,,1.2,2.21,137.2
302961.675,,,,,,,,,1.35,2.01,136.99
303061.675,,,,,,,,,1.31,1.93,136.75
303161.675,,,,,,,,,1.31,1.99,136.53
303261.675,,,,,,,,,1.23,2.03,136.36
303361.675,,,,,,,,,1.27,1.97,136.32
303461.675,,,,,,,,,1.27,1.94,136.39
303561.675,,,,,,,,,1.28,1.99,136.51
303661.675,,,,,,,,,1.35,2.1,136.64
303761.675,,,,,,,,,1.45,2.89,136.85
303861.675,,,,,,,,,1.6,3.78,137.1
303961.675,,,,,,,,,1.78,4.32,137.31
304061.675,,,,,,,,,1.96,4.75,137.5
304161.675,,,,,,,,,2.03,5.05,137.64
304261.675,,,,,,,,,2.22,4.98,137.61
304361.675,,,,,,,,,2.31,4.98,137.29
304461.675,,,,,,,,,2.17,4.9,136.78
304561.675,,,,,,,,,2.14,4.83,136.12
304661.675,,,,,,,,,2.09,4.58,135.42
304761.675,,,,,,,,,2,4.53,134.71
304861.675,,,,,,,,,1.95,4.46,134.03
304961.675,,,,,,,,,1.83,4.18,133.34
305061.675,,,,,,,,,1.65,3.93,132.69
305161.675,,,,,,,,,1.58,3.85,132.03
305261.675,,,,,,,,,1.53,3.38,131.4
305361.675,,,,,,,,,1.48,3.28,130.87
305461.675,,,,,,,,,1.48,3.32,130.43
305561.675,,,,,,,,,1.64,3.43,129.98
305661.675,,,,,,,,,1.58,3.64,129.46
305761.675,,,,,,,,,1.59,3.91,128.77
305861.675,,,,,,,,,1.4,4.05,127.94
305961.675,,,,,,,,,1.38,4.1,127.11
306061.675,,,,,,,,,1.35,4.01,126.27
306161.675,,,,,,,,,1.17,3.93,125.62
306261.675,,,,,,,,,0.72,3.88,125.18
306361.675,,,,,,,,,0.18,3.83,124.94
306461.675,60,60,60,60,52.4959983825684,60,60,60,-0.34,3.72,124.87
306561.675,60,60,60,60,52.4959983825684,60,60,60,-0.5,3.71,124.83
306661.675,60,60,60,60,52.4959983825684,60,60,60,-0.28,3.8,124.84
306761.675,60,60,60,60,52.4959983825684,60,60,60,0.35,4.09,124.93
306861.675,60,60,60,60,52.4959983825684,60,60,60,1.25,4.26,125.09
306961.675,60,60,60,60,52.4959983825684,60,60,60,2.17,4.24,125.22
307061.675,60,60,60,60,52.4959983825684,60,60,60,2.84,4.11,125.27
307161.675,60,60,60,60,52.4959983825684,60,60,60,2.98,4.04,125.35
307261.675,60,60,60,60,52.4959983825684,60,60,60,2.83,4.04,125.63
307361.675,60,60,60,60,52.4959983825684,60,60,60,2.46,4.12,126.28
307461.675,,,,,,,,,1.91,4.18,127.21
307561.675,,,,,,,,,1.62,4.2,128.2
307661.675,,,,,,,,,1.29,4.28,129.17
307761.675,,,,,,,,,1.18,4.42,130.19
307861.675,,,,,,,,,1.25,4.53,131.28
307961.675,,,,,,,,,1.29,4.56,132.42
308061.675,,,,,,,,,1.36,4.39,133.51
308161.675,,,,,,,,,1.44,4.27,134.42
308261.675,,,,,,,,,1.3,4.25,135.06
308361.675,,,,,,,,,1.1,4.14,135.42
308461.675,,,,,,,,,1.07,3.75,135.6
308561.675,,,,,,,,,1.04,3.64,135.81
308661.675,,,,,,,,,0.79,3.73,136.33
308761.675,,,,,,,,,0.65,3.74,137.29
308861.675,,,,,,,,,0.67,3.83,138.6
308961.675,,,,,,,,,0.62,4,140.17
309061.675,,,,,,,,,0.61,4.13,142.19
309161.675,,,,,,,,,0.46,4.26,144.93
309261.675,,,,,,,,,0.34,4.75,148.37
309361.675,,,,,,,,,0.15,4.83,152.22
309461.675,,,,,,,,,0.25,4.87,156.22
309561.675,,,,,,,,,-0.01,4.96,160.26
309661.675,,,,,,,,,-0.23,5.17,164.31
309761.675,,,,,,,,,-0.49,5.29,168.41
309861.675,,,,,,,,,-0.55,5.28,172.54
309961.675,,,,,,,,,-0.51,5.04,176.52
310061.675,,,,,,,,,-0.6,4.65,180.26
310161.675,,,,,,,,,-0.64,4.14,183.63
310261.675,,,,,,,,,-0.8,3.56,186.63
310361.675,,,,,,,,,-0.81,3.15,189.05
310461.675,,,,,,,,,-0.64,2.79,190.59
310561.675,,,,,,,,,-0.55,2.81,191.16
310661.675,,,,,,,,,-0.61,2.89,191
310761.675,,,,,,,,,-0.21,3.02,190.22
310861.675,,,,,,,,,0.28,3.08,188.94
310961.675,,,,,,,,,1.53,2.86,187.37
311061.675,,,,,,,,,3.2,2.9,185.74
311161.675,,,,,,,,,5.35,3.1,184.21
311261.675,,,,,,,,,6.31,3.13,182.82
311361.675,,,,,,,,,5.73,3.31,181.62
311461.675,,,,,,,,,4.16,3.71,180.62
311561.675,,,,,,,,,2.64,4.04,179.98
311661.675,,,,,,,,,1.34,3.91,179.85
311761.675,,,,,,,,,0.43,3.41,180.11
311861.675,,,,,,,,,0.01,3.11,180.59
311961.675,,,,,,,,,-0.25,2.98,181.19
312061.675,,,,,,,,,-0.68,3.02,181.93
312161.675,,,,,,,,,-0.86,3.14,182.61
312261.675,,,,,,,,,-0.68,3.32,183.08
312361.675,,,,,,,,,-0.35,3.36,183.38
312461.675,,,,,,,,,-0.05,3.4,183.54
312561.675,,,,,,,,,0.1,3.15,183.67
312661.675,,,,,,,,,0.08,2.77,183.81
312761.675,,,,,,,,,-0.2,2.5,183.94
312861.675,,,,,,,,,-0.76,2.38,184.03
312961.675,,,,,,,,,-1.5,2.51,184.08
313061.675,,,,,,,,,-2.26,2.73,184.09
313161.675,,,,,,,,,-2.94,2.88,184.13
313261.675,,,,,,,,,-2.96,3.04,184.17
313361.675,,,,,,,,,-2.62,3.38,184.17
313461.675,,,,,,,,,-2.04,3.46,184.24
313561.675,,,,,,,,,-1.47,3.45,184.28
313661.675,,,,,,,,,-0.7,3.31,184.27
313761.675,,,,,,,,,0.1,3.1,184.08
313861.675,,,,,,,,,0.66,3.33,183.74
313961.675,,,,,,,,,0.71,3.64,183.23
314061.675,,,,,,,,,0.55,3.8,182.57
314161.675,,,,,,,,,0.4,3.97,181.82
314261.675,,,,,,,,,0.13,4.09,181.23
314361.675,,,,,,,,,-0.02,4.01,180.94
314461.675,,,,,,,,,0.06,3.75,180.81
314561.675,,,,,,,,,-0.08,3.68,180.62
314661.675,,,,,,,,,-0.11,4.51,180.32
314761.675,,,,,,,,,-0.21,5.61,180.02
314861.675,,,,,,,,,-0.34,6.25,179.82
314961.675,,,,,,,,,-0.45,7.15,179.72
315061.675,,,,,,,,,-0.59,7.9,179.69
315161.675,,,,,,,,,-0.7,8.6,179.69
315261.675,,,,,,,,,-0.74,9.18,179.76
315361.675,,,,,,,,,-0.99,9.9,179.88
315461.675,,,,,,,,,-1.22,9.84,179.85
315561.675,,,,,,,,,-1.49,9.46,179.75
315661.675,,,,,,,,,-1.59,8.98,179.55
315761.675,,,,,,,,,-1.52,8.31,179.3
315861.675,,,,,,,,,-1.52,8.31,179.3
315961.675,,,,,,,,,-0.81,7.68,178.78
316061.675,,,,,,,,,-0.12,7.28,178.51
316161.675,,,,,,,,,0.02,6.92,178.33
316261.675,,,,,,,,,-0.13,6.36,178.14
316361.675,,,,,,,,,-0.53,5.7,178.1
316461.675,,,,,,,,,-0.89,4.81,178.08
316561.675,,,,,,,,,-1.4,3.49,178.21
316661.675,,,,,,,,,-1.73,2.23,178.45
316761.675,,,,,,,,,-2.11,1.41,178.79
316861.675,,,,,,,,,-2.11,1.41,178.79
316961.675,,,,,,,,,-2.33,0.01,179.38
317061.675,,,,,,,,,-2.33,0.01,179.38
317161.675,,,,,,,,,-1.36,-1.36,179.69
317261.675,,,,,,,,,-1.36,-1.36,179.69
317361.675,,,,,,,,,-0.33,-2.01,179.71
317461.675,,,,,,,,,2.23,-3.26,179.35
317561.675,,,,,,,,,3.19,-3.7,179.06
317661.675,,,,,,,,,3.51,-3.39,178.64
317761.675,,,,,,,,,3.51,-3.39,178.64
317861.675,,,,,,,,,3.01,-1.71,177.1
317961.675,,,,,,,,,2.21,-0.72,176.2
318061.675,,,,,,,,,1.28,0.23,175.13
318161.675,,,,,,,,,0.18,1.18,174.18
318261.675,,,,,,,,,0.18,1.18,174.18
318361.675,,,,,,,,,-0.47,2.93,172.72
318461.675,,,,,,,,,-0.47,2.93,172.72
318561.675,,,,,,,,,0.27,4.4,172.87
318661.675,,,,,,,,,0.27,4.4,172.87
318761.675,,,,,,,,,1.66,4.73,174.35
318861.675,,,,,,,,,1.66,4.73,174.35
318961.675,,,,,,,,,2.03,3.96,175.17
319061.675,,,,,,,,,2.3,1.26,176.68
319161.675,,,,,,,,,1.76,-0.16,177.27
319261.675,,,,,,,,,1.76,-0.16,177.27
319361.675,,,,,,,,,0.93,-1.54,177.63
319461.675,,,,,,,,,-0.68,-3.04,177.92
319561.675,,,,,,,,,-1.38,-3.11,177.83
319661.675,,,,,,,,,-2.27,-2.26,177.49
319761.675,,,,,,,,,-2.27,-2.26,177.49
319861.675,,,,,,,,,-2.67,3.57,176.13
319961.675,,,,,,,,,-2.15,5.34,175.38
320061.675,,,,,,,,,-1.29,5.67,174.65
320161.675,,,,,,,,,-0.41,4.98,173.95
320261.675,,,,,,,,,0.19,3.76,173.17
320361.675,,,,,,,,,0.69,2.92,172.37
320461.675,,,,,,,,,0.84,4.97,171.61
320561.675,,,,,,,,,0.7,7.67,170.89
320661.675,,,,,,,,,0.14,8.31,170.25
320761.675,,,,,,,,,-0.16,8.6,169.75
320861.675,,,,,,,,,0.18,8.61,169.4
320961.675,,,,,,,,,0.83,8.41,169.19
321061.675,,,,,,,,,0.83,8.41,169.19
321161.675,,,,,,,,,2.66,8.34,168.77
321261.675,,,,,,,,,2.66,8.34,168.77
321361.675,,,,,,,,,2.82,6.94,167.82
321461.675,,,,,,,,,2.18,5.68,167.08
321561.675,,,,,,,,,0.96,4.33,166.3
321661.675,,,,,,,,,-0.34,3.59,165.43
321761.675,,,,,,,,,-1.82,3.32,164.59
321861.675,,,,,,,,,-3.62,3.14,163.81
321961.675,,,,,,,,,-4.82,3,163.15
322061.675,,,,,,,,,-5.73,2.97,162.56
322161.675,,,,,,,,,-5.92,3.28,161.95
322261.675,,,,,,,,,-4.89,3.41,161.37
322361.675,,,,,,,,,-3.5,3.53,160.9
322461.675,60,60,60,60,60,60,14.5649995803833,60,-2.38,4.06,160.44
322561.675,60,60,60,60,60,60,14.5649995803833,60,-1.5,4.43,160.04
322661.675,60,60,60,60,60,60,14.5649995803833,60,-0.64,4.68,159.57
322761.675,60,60,60,60,60,60,14.5649995803833,60,0.23,4.75,159.05
322861.675,60,60,60,60,60,60,14.5649995803833,60,1.08,4.64,158.43
322961.675,60,60,60,60,60,60,14.5649995803833,60,1.96,4.63,157.74
323061.675,60,60,60,60,60,60,14.5649995803833,60,2.54,4.73,157.01
323161.675,60,60,60,60,14.289999961853,60,14.5649995803833,60,2.54,4.73,157.01
323261.675,60,60,60,60,14.289999961853,60,14.5649995803833,60,2.22,4.8,156.3
323361.675,60,60,60,60,14.289999961853,60,60,60,1.18,4.69,155.54
323461.675,60,60,60,60,14.289999961853,60,60,60,-2.25,3.52,154.07
323561.675,60,60,60,60,14.289999961853,60,60,60,-3.74,2.92,153.24
323661.675,60,60,60,60,14.289999961853,60,60,60,-4.45,2.8,152.31
323761.675,60,60,60,60,14.0306034088135,60,60,60,-4.63,2.91,151.28
323861.675,60,60,60,60,13.5686922073364,60,13.0271120071411,60,-4.33,3.53,150.18
323961.675,60,60,60,60,13.1734437942505,60,12.7894010543823,60,-4.15,4.05,149.19
324061.675,60,60,60,60,12.8352432250977,60,12.5859985351563,60,-3.94,4.29,148.42
324161.675,60,60,60,60,12.545844078064,60,12.4119491577148,60,-3.12,4.2,147.94
324261.675,60,60,60,60,12.2982110977173,60,12.2630176544189,60,-3.12,4.2,147.94
324361.675,60,60,60,60,13.6573934555054,60,12.1355800628662,60,-1,3.56,147.41
324461.675,60,60,60,60,15.4430074691772,60,12.0265350341797,60,0,3.01,147.16
324561.675,60,60,60,60,16.9709205627441,60,60,60,0.99,2.8,146.92
324661.675,60,60,60,60,18.2783279418945,60,60,60,1.97,2.61,146.63
324761.675,60,60,60,60,19.3970508575439,60,60,60,2.77,2.21,146.33
324861.675,60,60,60,60,20.3655109405518,60,60,60,3.65,2.01,145.97
324961.675,60,60,60,60,21.2183666229248,60,60,60,4.37,2.16,145.57
325061.675,60,60,60,60,21.9481430053711,60,60,60,4.55,2.04,145.1
325161.675,60,60,60,60,22.5725955963135,60,60,60,3.93,1.47,144.56
325261.675,60,60,60,60,23.1069259643555,60,60,60,3.93,1.47,144.56
325361.675,60,60,60,60,23.5641422271728,60,60,60,2.33,1.71,143.4
325461.675,60,60,60,60,23.9553718566895,60,60,60,1.55,2.87,142.83
325561.675,60,60,60,60,24.2901420593262,60,60,60,0.73,4,142.21
325661.675,60,60,60,60,24.3226051330566,60,60,60,0.21,4.04,141.63
325761.675,60,60,60,60,24.1937866210937,60,60,60,0,3.48,141.09
325861.675,60,60,60,60,24.0835571289062,60,60,60,0,2.49,140.57
325961.675,60,60,60,60,23.989236831665,60,60,60,-0.18,1.66,139.98
326061.675,60,60,60,60,23.9085292816162,60,60,60,-0.16,1.77,139.34
326161.675,60,60,60,60,23.8394680023193,6.60500001907349,60,60,0,3.16,138.74
326261.675,60,60,60,60,23.8778800964355,6.60500001907349,60,60,0.15,3.29,138.17
326361.675,60,60,60,60,24.723180770874,6.60500001907349,60,60,0.28,3.15,137.67
326461.675,60,60,60,60,25.4464855194092,6.60500001907349,60,60,0.55,3.31,137.22
326561.675,60,60,60,60,26.0654048919678,6.60776233673096,60,60,0.66,2.95,136.76
326661.675,60,60,60,60,26.5949974060059,6.62035274505615,60,60,0.68,2.59,136.35
326761.675,60,60,60,60,27.0687828063965,6.63161611557007,60,60,0.68,2.59,136.35
326861.675,60,60,60,60,27.4532680511475,6.64075660705566,60,60,1.16,1.66,134.92
326961.675,60,60,60,60,27.7823371887207,6.64857912063599,60,60,1.16,1.66,134.92
327061.675,60,60,60,60,60,6.65527391433716,60,60,1.22,3.04,132.1
327161.675,60,60,60,60,60,6.66100263595581,60,60,1.08,3.99,129.87
327261.675,60,60,60,60,60,6.66595458984375,60,60,1.08,3.99,129.87
327361.675,60,60,60,60,60,6.67640018463135,60,60,0.86,4.61,126.79
327461.675,60,60,60,60,60,6.70866966247559,60,60,-0.18,4.11,120.83
327561.675,60,60,60,60,60,6.7362813949585,60,60,0.31,3.69,118.8
327661.675,60,60,60,60,60,6.75990962982178,60,60,0.25,3.15,117.32
327761.675,60,60,60,60,60,6.78012752532959,60,60,-0.19,2.86,116.22
327861.675,60,60,60,60,60,6.7974271774292,60,60,-0.19,2.86,116.22
327961.675,60,60,60,60,60,6.81223106384277,60,60,0.06,3.68,114.64
328061.675,60,60,60,60,60,6.82489824295044,60,60,0.22,4.29,113.88
328161.675,60,60,60,60,60,6.8357367515564,60,60,0.22,4.29,113.88
328261.675,60,60,60,60,60,6.84501075744629,60,60,1.09,4.56,112.71
328361.675,60,60,60,60,49.8959999084473,60,60,60,1.39,3.93,112.09
328461.675,60,60,60,60,49.8959999084473,60,60,60,1.33,3.62,111.18
328561.675,60,60,60,60,49.8959999084473,60,60,60,1.33,3.62,111.18
328661.675,60,60,60,60,49.8959999084473,60,60,60,1.36,3.26,108.57
328761.675,60,60,60,60,49.8959999084473,60,60,60,1.36,3.26,108.57
328861.675,60,60,60,60,49.8959999084473,15.0340232849121,60,60,1.55,3.35,107.16
328961.675,60,60,60,60,49.8959999084473,16.3460330963135,60,60,1.61,3.27,105.89
329061.675,60,60,60,60,49.8959999084473,17.4686756134033,60,60,1.71,2.94,103.5
329161.675,60,60,60,60,49.8959999084473,18.4293022155762,60,60,1.8,3.24,102.35
329261.675,60,60,60,60,49.8959999084473,19.2588291168213,60,60,1.8,3.24,102.35
329361.675,60,60,60,60,60,19.9546566009521,60,60,1.67,3.86,99.71
329461.675,60,60,60,60,60,20.6116561889648,60,60,1.67,3.86,99.71
329561.675,60,60,60,60,60,21.6331996917725,60,60,1.78,4.18,96.28
329661.675,60,60,60,60,60,22.507303237915,60,60,1.79,4.2,94.6
329761.675,60,60,60,60,60,23.2552680969238,60,60,1.79,4.2,94.6
329861.675,60,60,60,60,60,23.8952789306641,60,60,1.66,3.95,93.05
329961.675,60,60,60,60,60,24.4429302215576,60,60,1.48,3.67,89.97
330061.675,60,60,60,60,60,24.9115409851074,6.68499994277954,60,1.37,4.24,88.48
330161.675,60,60,60,60,60,25.3125305175781,6.68499994277954,60,1.57,4.98,87.11
330261.675,60,60,60,60,60,60,6.68499994277954,60,1.49,5.27,85.81
330361.675,60,60,60,60,60,60,6.68499994277954,60,1.49,5.27,85.81
330461.675,60,60,60,60,60,60,6.68499994277954,60,1.3,4.96,84.48
330561.675,60,60,60,60,60,60,6.71178245544434,60,1.03,3.98,83.15
330661.675,60,60,60,60,60,60,6.75121212005615,60,0.95,2.63,80.21
330761.675,60,60,60,60,60,60,6.78495216369629,60,1.22,2.24,78.42
330861.675,60,60,60,60,60,60,6.81382274627686,60,1.15,2.43,76.39
330961.675,60,60,60,60,60,60,6.8385272026062,60,1.34,3.7,74.12
331061.675,60,60,60,60,60,60,6.85966539382935,60,1.53,5.16,71.69
331161.675,60,60,60,60,60,60,6.87775325775147,60,1.42,5.89,69.13
331261.675,60,60,60,60,60,60,6.89323139190674,60,1.3,6.15,66.73
331361.675,60,60,60,60,60,60,6.90647506713867,60,1.39,5.57,64.54
331461.675,60,60,60,60,60,60,7.57602691650391,60,1.39,5.57,64.54
331561.675,60,60,60,60,60,60,8.75786018371582,60,1.64,4.7,62.47
331661.675,60,60,60,60,60,60,9.76911544799805,60,1.74,3.18,58.22
331761.675,60,60,60,60,60,60,10.6344404220581,60,1.07,2.21,56.06
331861.675,60,60,60,60,60,60,11.3748722076416,60,0.68,2.08,54.03
331961.675,60,60,60,60,60,60,12.4006862640381,60,0.15,2.11,52.12
332061.675,60,60,60,60,60,60,14.7305679321289,60,-0.31,1.87,50.35
332161.675,60,60,60,60,60,60,16.7242679595947,60,-0.31,1.87,50.35
332261.675,60,60,60,60,60,60,18.4302139282227,60,-1.79,1.86,46.76
332361.675,60,60,60,60,60,60,19.8899784088135,6.46000003814697,-1.79,1.86,46.76
332461.675,60,60,60,60,60,60,21.1390342712402,6.46000003814697,-2.02,3.08,44.84
332561.675,60,60,60,60,60,60,22.2078628540039,6.46000003814697,-1.9,4.78,40.49
332661.675,60,60,60,60,60,60,60,6.46000003814697,-1.9,4.78,40.49
332761.675,60,60,60,60,60,60,60,6.46000003814697,-0.55,4.47,35.61
332861.675,60,60,60,60,60,60,60,6.5040168762207,0.33,4.16,33.09
332961.675,60,60,60,60,60,60,60,6.54168128967285,1.28,4.75,30.53
333061.675,60,60,60,60,60,60,60,6.57390975952148,1.28,4.75,30.53
333161.675,60,60,60,60,60,60,60,6.60148763656616,2.93,7.33,25.59
333261.675,60,60,60,60,60,60,60,6.62530183792114,2.93,7.33,25.59
333361.675,60,60,60,60,60,60,60,6.64527893066406,4.34,7.8,20.98
333461.675,60,60,60,60,60,60,60,8.30831718444824,4.34,7.8,20.98
333561.675,60,60,60,60,60,60,60,10.7461233139038,3.75,6.23,17.25
333661.675,60,60,60,60,60,60,60,12.8320770263672,3.75,6.23,17.25
333761.675,60,60,60,60,60,60,60,14.6170139312744,2.37,5.89,14.41
333861.675,60,60,60,60,60,60,60,16.1443061828613,1.66,5.31,13.08
333961.675,60,60,60,60,60,60,60,17.4502964019775,1.66,5.31,13.08
334061.675,60,60,60,60,60,60,60,18.568000793457,0.13,4.79,10.42
334161.675,60,60,60,60,60,60,60,17.8562488555908,-0.28,4.86,8.9
334261.675,60,60,60,60,60,60,60,16.7339935302734,-0.28,4.86,8.9
334361.675,60,60,60,60,60,60,60,15.8184070587158,-0.82,6.49,5.54
334461.675,60,60,60,60,60,60,60,15.0204057693481,-0.97,7.02,3.75
334561.675,60,60,60,60,60,60,60,14.2808303833008,-1.35,7.73,1.92
334661.675,60,60,60,60,60,60,60,13.6962461471558,-1.82,7.83,0.12
334761.675,60,60,60,60,60,60,60,13.1545763015747,-2.08,7.26,358.39
334861.675,60,60,60,60,60,60,60,12.7101383209229,-1.99,6.85,356.8
334961.675,60,60,60,60,60,60,26.625,60,-1.4,5.82,355.45
335061.675,60,60,60,60,60,60,26.625,60,-0.56,5.03,354.08
335161.675,60,60,60,60,60,60,26.625,60,0.31,4.4,352.62
335261.675,60,60,60,60,60,60,26.625,60,1.12,4.01,350.94
335361.675,60,60,60,60,60,60,26.625,60,2.17,4.45,349.01
335461.675,60,60,60,60,60,60,26.625,60,3.09,5.3,346.9
335561.675,60,60,60,60,60,60,26.625,60,3.93,6.19,344.64
335661.675,60,60,60,60,60,60,26.625,60,4.5,6.8,342.31
335761.675,60,60,60,60,60,60,26.625,60,4.5,6.8,342.31
335861.675,60,60,60,60,60,60,26.625,60,3.69,5.81,337.39
335961.675,60,5.03000020980835,60,60,60,60,60,60,2.55,4.67,335.08
336061.675,60,5.03000020980835,60,60,60,60,60,60,1.14,3.6,332.97
336161.675,60,5.03000020980835,60,60,60,60,60,60,-0.27,3.17,331.21
336261.675,60,5.03000020980835,60,60,60,60,60,60,-1.47,3.04,329.66
336361.675,60,5.03000020980835,60,60,60,60,60,60,-2.33,3.83,328.25
336461.675,60,5.03000020980835,60,60,60,60,60,60,-3.11,4.82,327
336561.675,60,5.03000020980835,60,60,60,60,60,60,-3.55,5.73,325.82
336661.675,60,5.03000020980835,60,60,60,60,60,60,-3.67,7.06,324.62
336761.675,60,5.03000020980835,60,60,60,60,60,60,-3.07,7.4,323.36
336861.675,60,5.03000020980835,60,60,60,60,60,60,-2.07,6.97,321.97
336961.675,60,5.03000020980835,60,60,60,60,60,60,-1.03,6.47,320.34
337061.675,60,5.03000020980835,60,60,60,60,60,60,0.16,6.39,318.39
337161.675,60,5.03000020980835,60,60,60,60,60,60,1.23,6.21,316.17
337261.675,60,5.03000020980835,60,60,60,60,60,60,1.23,6.21,316.17
337361.675,60,5.03000020980835,60,60,60,60,60,60,3.22,5.54,311.23
337461.675,60,5.03000020980835,60,60,60,60,60,60,4.07,5.96,308.78
337561.675,60,5.03000020980835,60,60,60,60,60,60,4.01,5.41,306.32
337661.675,60,5.03000020980835,60,60,60,60,60,60,3.26,4.06,303.96
337761.675,60,5.03000020980835,60,60,60,60,60,60,2.26,3.08,301.77
337861.675,60,5.03000020980835,60,60,60,60,60,60,2.26,3.08,301.77
337961.675,60,5.03000020980835,60,60,60,60,60,60,-3.18,2.48,297.72
338061.675,60,5.03000020980835,60,60,60,60,60,60,-5.54,2.58,295.77
338161.675,60,5.03000020980835,60,60,60,60,60,60,-6.43,3.79,293.82
338261.675,60,6.95198345184326,60,60,60,60,60,60,-5.44,5.56,291.93
338361.675,60,9.35823154449463,60,60,60,60,60,60,-3.54,6.79,290.14
338461.675,60,11.4171810150146,60,60,60,60,60,60,-2.06,7.3,288.22
338561.675,60,13.1790132522583,60,60,60,60,60,60,-1.37,7.59,286.1
338661.675,60,14.6865768432617,60,60,60,60,60,60,-1.37,7.59,286.1
338761.675,60,50.1160011291504,60,60,60,60,60,60,-1.38,5.7,281.56
338861.675,60,50.1160011291504,60,60,60,60,60,60,-1.41,6.02,279.13
338961.675,60,50.1160011291504,60,60,60,60,60,60,-1.68,6.51,276.63
339061.675,60,50.1160011291504,60,60,60,60,60,60,-1.88,7.09,274.07
339161.675,60,50.1160011291504,60,60,60,60,60,60,-2.02,7.47,271.43
339261.675,60,50.1160011291504,60,60,60,60,60,60,-2.02,7.47,271.43
339361.675,60,50.1160011291504,60,60,60,60,60,60,-2.83,5.98,266.04
339461.675,60,50.1160011291504,60,60,60,60,60,60,-2.76,5.71,263.33
339561.675,60,50.1160011291504,60,60,60,60,60,60,-2.76,5.71,263.33
339661.675,60,50.1160011291504,60,60,60,60,60,60,-2.1,4.91,258.01
339761.675,60,50.1160011291504,60,60,60,60,60,60,-1.62,4.85,255.39
339861.675,60,50.1160011291504,60,60,60,60,60,60,-0.95,4.53,252.84
339961.675,60,50.1160011291504,60,60,60,60,60,60,-0.95,4.53,252.84
340061.675,60,50.1160011291504,60,60,60,60,60,60,0.6,3.57,247.77
340161.675,60,50.1160011291504,60,60,60,60,60,60,1.38,3.31,245.13
340261.675,60,50.1160011291504,60,60,60,60,60,60,2.13,3.82,242.44
340361.675,60,50.1160011291504,60,60,60,60,60,60,2.81,4.9,239.73
340461.675,60,50.1160011291504,60,60,60,60,60,60,2.81,4.9,239.73
340561.675,60,50.1160011291504,19.9500007629395,60,60,60,60,60,2.57,7.39,234.17
340661.675,60,50.1160011291504,19.9500007629395,60,60,60,60,60,1.79,7.69,231.3
340761.675,60,50.1160011291504,19.9500007629395,60,60,60,60,60,0.96,6.77,228.49
340861.675,60,50.1160011291504,19.9500007629395,5.52500009536743,60,60,60,60,0,5.39,225.85
340961.675,60,60,19.9500007629395,5.52500009536743,60,60,60,60,-0.58,4.22,223.45
341061.675,60,60,19.9500007629395,5.52500009536743,60,60,60,60,-0.73,3.5,221.18
341161.675,60,60,60,5.52500009536743,60,60,60,60,-0.47,3.95,219.03
341261.675,60,60,60,5.52500009536743,60,60,60,60,-0.47,3.95,219.03
341361.675,60,60,60,5.52500009536743,60,60,60,60,-0.44,4.83,214.96
341461.675,60,60,60,5.52500009536743,60,60,60,60,-0.48,4.56,212.94
341561.675,60,60,60,5.52500009536743,60,60,60,60,-0.62,4.21,210.83
341661.675,60,60,60,60,5.09000015258789,60,60,60,-0.88,4.01,208.62
341761.675,60,60,60,60,5.09000015258789,60,60,60,-0.82,3.64,206.28
341861.675,60,60,60,60,5.09000015258789,60,60,60,-0.54,3.42,203.9
341961.675,60,60,60,60,5.09000015258789,60,60,60,-0.32,3.05,201.47
342061.675,60,60,60,60,5.09000015258789,60,60,60,-0.32,3.05,201.47
342161.675,60,60,60,60,5.09000015258789,60,60,60,-0.23,1.96,196.14
342261.675,60,60,60,60,5.09000015258789,60,60,60,-0.23,1.96,196.14
342361.675,60,60,60,60,5.09000015258789,60,60,60,-0.17,2.26,193.11
342461.675,60,60,60,60,5.09000015258789,60,60,60,-0.89,2.63,186.95
342561.675,60,60,60,60,5.09000015258789,60,60,60,-1.45,3.04,184.01
342661.675,60,60,60,60,5.09000015258789,60,60,60,-2,2.98,181.31
342761.675,60,60,60,60,5.09000015258789,60,60,60,-2.4,2.45,179.06
342861.675,60,60,60,60,5.09000015258789,60,60,60,-2.57,1.77,177.53
342961.675,60,60,60,60,5.09000015258789,60,60,60,-2.57,1.77,177.53
343061.675,60,60,60,60,5.09000015258789,60,60,60,-2.59,1.49,176.73
343161.675,60,60,60,60,5.09000015258789,60,60,60,-2.47,1.48,176.55
343261.675,60,60,60,60,5.09000015258789,60,60,60,-1.98,1.43,176.79
343361.675,60,60,60,60,5.09000015258789,60,60,60,-0.32,1.27,177.77
343461.675,60,60,60,60,5.09000015258789,60,60,60,0.53,1.72,178.15
343561.675,60,60,60,60,5.09000015258789,60,60,60,1.46,2.05,178.21
343661.675,60,60,60,60,5.09418201446533,60,60,60,2.39,2.02,177.99
343761.675,60,60,60,60,5.13687419891357,60,60,60,3.19,2.3,177.57
343861.675,60,60,60,60,5.17340564727783,60,60,60,3.19,2.3,177.57
343961.675,60,60,60,60,5.19274234771729,60,60,60,2.95,3.65,176.2
344061.675,60,60,60,60,5.19274234771729,60,60,60,2.95,3.65,176.2
344161.675,60,60,60,60,5.19274234771729,60,60,60,2.35,4.36,175.33
344261.675,60,60,60,60,5.19274234771729,60,60,60,1.2,5.21,173.37
344361.675,60,60,60,60,5.19274234771729,60,60,60,0.71,4.99,172.35
344461.675,60,60,60,60,5.19274234771729,60,60,60,0.42,4.61,171.44
344561.675,60,60,60,60,5.19274234771729,60,60,60,0.27,4.49,170.65
344661.675,60,60,60,60,5.46030998229981,60,60,60,0.17,4.34,169.9
344761.675,60,60,60,60,5.48985052108765,60,60,60,0.17,4.34,169.9
344861.675,60,60,60,60,5.51101541519165,60,60,60,0.19,3.89,168.82
344961.675,60,60,60,60,5.49066400527954,60,60,60,0.19,3.89,168.82
345061.675,60,60,60,60,5.47325038909912,60,60,60,0.26,4.12,168.42
345161.675,60,60,60,60,5.45834875106812,60,60,60,0.47,5.07,167.71
345261.675,60,60,60,60,5.44548225402832,60,60,60,0.47,5.07,167.71
345361.675,60,60,60,60,5.43468856811523,60,60,60,0.16,4.72,166.89
345461.675,60,60,60,60,5.42535257339478,60,60,60,0.27,4.32,166.61
345561.675,60,60,60,60,21.8449993133545,60,60,60,0.33,3.53,166.34
345661.675,60,60,60,60,21.8449993133545,60,60,60,0.36,2.79,166
345761.675,60,60,60,60,21.8449993133545,60,60,60,0.23,1.82,165.61
345861.675,60,60,60,60,21.8449993133545,60,60,60,0.46,1.92,165.22
345961.675,60,60,60,60,21.8449993133545,60,60,60,0.76,2.85,164.79
346061.675,60,60,60,60,21.8449993133545,60,60,60,1.13,3.19,164.19
346161.675,60,60,60,60,21.8449993133545,60,60,60,1.19,3.06,163.32
346261.675,60,60,60,60,21.8449993133545,60,60,60,1.19,3.06,163.32
346361.675,60,60,60,60,21.8449993133545,60,60,60,0.82,3.32,161.25
346461.675,60,60,60,60,21.8449993133545,60,60,60,0.68,3.61,160.28
346561.675,60,60,60,60,21.8449993133545,60,60,60,0.68,3.62,159.42
346661.675,60,60,60,60,21.8449993133545,60,60,60,0.5,3.77,158.7
346761.675,60,60,60,60,21.8449993133545,60,60,60,0.5,3.77,158.7
346861.675,60,60,60,60,21.8449993133545,60,60,60,-0.2,3.8,157.4
346961.675,60,60,60,60,21.8449993133545,60,60,60,-0.67,3.79,156.82
347061.675,60,60,60,60,21.8449993133545,60,60,60,-1.16,3.98,156.28
347161.675,60,60,60,60,21.8449993133545,60,60,60,-1.06,4.23,155.62
347261.675,60,60,60,60,21.8449993133545,60,60,60,-1.06,4.23,155.62
347361.675,60,60,60,60,21.8449993133545,60,60,60,-0.47,4.49,154.82
347461.675,60,60,60,60,21.8449993133545,60,60,60,1.19,4.02,153.29
347561.675,60,60,60,60,21.8449993133545,60,60,60,2.11,3.56,152.63
347661.675,60,60,60,60,21.8449993133545,60,60,60,2.11,3.56,152.63
347761.675,60,60,60,50.6160011291504,21.8449993133545,60,60,60,2.74,2.35,151.48
347861.675,60,60,60,50.6160011291504,21.8449993133545,60,60,60,2.39,1.75,150.85
347961.675,60,60,60,50.6160011291504,21.7972621917725,60,60,60,1.88,1.96,150.2
348061.675,60,60,60,50.6160011291504,21.6533374786377,60,60,60,1.88,1.96,150.2
348161.675,60,60,60,50.6160011291504,21.5301837921143,60,60,60,0.94,2.39,148.85
348261.675,60,60,60,50.6160011291504,21.4248046875,60,60,60,0.69,2.52,148.22
348361.675,60,60,60,50.6160011291504,21.3346309661865,60,60,60,0.69,2.52,148.22
348461.675,60,60,60,60,21.3140926361084,60,60,60,0.41,2.59,147.01
348561.675,60,60,60,60,21.5061683654785,60,60,60,0.41,2.59,147.01
348661.675,60,60,60,60,21.6705226898193,60,60,60,0.75,2.56,146
348761.675,60,60,60,60,21.8111610412598,60,60,60,0.81,2.94,145.55
348861.675,60,60,60,60,21.9314231872559,60,60,60,0.92,3.82,145.18
348961.675,60,60,60,60,22.0343322753906,60,60,60,1.03,4.37,144.88
349061.675,60,60,60,60,22.1224060058594,60,60,60,1.18,4.48,144.68
349161.675,60,60,60,60,22.1942615509033,60,60,60,1.27,4.4,144.45
349261.675,60,60,60,60,20.5976219177246,60,60,60,1.3,3.98,144.24
349361.675,60,60,60,60,18.924919128418,60,60,60,1.27,3.67,143.99
349461.675,60,60,60,60,17.603099822998,60,60,60,1.4,4.16,143.66
349561.675,60,60,60,60,16.3783206939697,60,60,60,1.25,5.03,143.06
349661.675,60,60,60,60,15.3733739852905,60,60,60,1.07,5.69,142.35
349761.675,60,60,60,60,14.5134601593018,60,60,60,1.01,6.7,141.64
349861.675,60,60,60,60,14.2145357131958,60,60,60,0.99,6.82,140.94
349961.675,60,60,60,60,15.5762605667114,60,60,60,0.99,6.8,140.28
350061.675,60,60,60,60,16.7414627075195,60,60,60,0.94,6.48,139.59
350161.675,60,60,60,60,17.73850440979,5.71500015258789,60,60,0.58,5.19,138.84
350261.675,60,60,60,60,18.5916500091553,5.71500015258789,60,60,0.24,3.63,137.99
350361.675,60,60,60,60,19.3216705322266,5.71500015258789,60,60,0,2.4,137.04
350461.675,60,60,60,60,19.9463367462158,5.71500015258789,60,60,0,2.4,137.04
350561.675,60,60,60,60,20.4808502197266,5.71500015258789,60,60,0.12,1.04,135.27
350661.675,60,60,60,60,60,5.71500015258789,60,60,0.66,1.48,134.72
350761.675,60,60,60,60,60,5.71500015258789,60,60,1.42,1.67,134.43
350861.675,60,60,60,60,60,5.71500015258789,60,60,1.84,2.42,134.3
350961.675,60,60,60,60,22.9838943481445,60,60,60,2.03,3.98,134.23
351061.675,60,60,60,60,22.9838943481445,60,60,60,2.19,4.47,133.98
351161.675,60,60,60,60,22.9838943481445,60,60,60,2.08,4.46,133.57
351261.675,60,60,60,60,23.3398036956787,60,60,60,2.08,4.46,133.57
351361.675,60,60,60,60,23.6443462371826,60,60,60,1.77,5.03,132.58
351461.675,60,60,60,60,23.904935836792,5.74129056930542,60,60,1.61,4.91,132.05
351561.675,60,60,60,60,24.1279182434082,5.74543428421021,60,60,1.45,4.59,131.48
351661.675,60,60,60,60,25.0754203796387,5.74897909164429,60,60,1.43,4.33,130.87
351761.675,60,60,60,60,26.0610675811768,5.75201368331909,60,60,1.44,3.66,130.25
351861.675,60,60,60,60,26.9044647216797,5.75460910797119,60,60,1.44,3.19,129.65
351961.675,60,60,60,60,27.6261405944824,5.75683069229126,60,60,1.46,3.28,129.09
352061.675,60,60,60,60,28.2436695098877,5.75873136520386,60,60,1.38,3.4,128.5
352161.675,60,60,60,60,28.7720699310303,5.76035785675049,60,60,1.28,3.94,127.8
352261.675,60,60,60,60,29.224214553833,5.72968435287476,60,60,1.16,5.5,126.96
352361.675,60,60,60,60,29.61110496521,5.70014429092407,60,60,0.87,5.63,125.88
352461.675,60,60,60,60,29.9416923522949,5.67490386962891,60,60,0.72,4.4,124.67
352561.675,60,60,60,60,30.2250385284424,5.65326929092407,60,60,0.83,3.07,123.47
352661.675,60,60,60,60,30.4674892425537,5.63475751876831,60,60,0.89,1.93,122.42
352761.675,60,60,60,60,60,5.6189169883728,60,60,0.95,1.01,121.59
352861.675,60,60,60,60,60,5.60536289215088,60,60,1.15,0.12,121.01
352961.675,60,60,60,60,60,5.59376525878906,60,60,1.33,-0.41,120.54
353061.675,60,60,60,60,60,5.58384132385254,60,60,1.53,0.13,119.99
353161.675,60,60,60,60,60,5.5753493309021,60,60,1.66,1.53,119.38
353261.675,60,60,60,60,60,5.56808280944824,60,60,1.66,1.53,119.38
353361.675,60,60,60,60,60,5.56186532974243,60,60,2.08,5.77,117.81
353461.675,60,60,60,60,60,12.3368673324585,60,60,2.29,6.52,116.57
353561.675,60,60,60,60,60,12.3368673324585,60,60,2.26,6.25,114.89
353661.675,60,60,60,60,60,12.3368673324585,60,60,1.89,5.99,112.92
353761.675,60,60,60,60,60,12.3368673324585,60,60,1.61,5.88,110.72
353861.675,60,60,60,60,60,12.3368673324585,60,60,1.48,5.6,108.48
353961.675,60,60,60,60,60,12.3368673324585,60,60,1.47,5.3,106.3
354061.675,60,60,60,60,60,13.2609672546387,60,60,1.44,4.97,104.21
354161.675,60,60,60,60,60,14.0516996383667,60,60,1.53,3.82,102.1
354261.675,60,60,60,60,60,14.7283143997192,60,60,1.67,2.83,100.06
354361.675,60,60,60,60,60,15.3072805404663,60,60,1.95,3.46,98.13
354461.675,60,60,60,60,60,15.8026885986328,60,60,2.1,4.33,96.23
354561.675,60,60,60,60,60,16.2266006469727,60,60,2.19,5.08,94.42
354661.675,60,60,60,60,60,17.4731407165527,60,60,2.19,5.08,94.42
354761.675,60,60,60,60,60,19.08473777771,60,60,2.06,5.35,90.71
354861.675,60,60,60,60,60,20.4637508392334,60,60,2,4.82,88.78
354961.675,60,60,60,60,60,21.6437492370605,60,60,1.8,4.25,86.85
355061.675,60,60,60,60,60,22.6534481048584,5.23000001907349,60,1.59,4.14,84.91
355161.675,60,60,60,60,60,23.517427444458,5.23000001907349,60,1.49,4.5,82.9
355261.675,60,60,60,60,60,60,5.23000001907349,60,1.49,4.5,82.9
355361.675,60,60,60,60,60,60,5.23000001907349,60,1.69,5.23,79.02
355461.675,60,60,60,60,60,60,5.20902013778687,60,1.82,5.23,77.33
355561.675,60,60,60,60,60,60,5.17813205718994,60,1.91,4.39,75.86
355661.675,60,60,60,60,60,60,5.15170288085938,60,2.23,3.18,74.55
355761.675,60,60,60,60,60,60,5.12908744812012,60,2.69,2.59,73.29
355861.675,60,60,60,60,60,60,5.1097354888916,60,2.91,2.39,71.89
355961.675,60,60,60,60,60,60,5.09317684173584,60,2.6,2.65,70.27
356061.675,60,60,60,60,60,60,5.07900810241699,60,2.29,3.41,68.43
356161.675,60,60,60,60,60,60,5.06688451766968,60,2.03,3.94,66.39
356261.675,60,60,60,60,60,60,5.05845832824707,60,1.84,4.62,64.11
356361.675,60,60,60,60,60,60,5.05845832824707,60,1.49,4.89,61.71
356461.675,60,60,60,60,60,60,5.05845832824707,60,1.17,4.82,59.39
356561.675,60,60,60,60,60,60,5.05845832824707,60,1.01,4.86,57.14
356661.675,60,60,60,60,60,60,5.05845832824707,60,1.01,4.86,57.14
356761.675,60,60,60,60,60,60,6.74314022064209,60,1.02,5.26,54.78
356861.675,60,60,60,60,60,60,7.03328227996826,60,1.48,5.6,50.3
356961.675,60,60,60,60,60,60,7.28176069259644,60,1.63,5.5,48.57
357061.675,60,60,60,60,60,60,7.49437522888184,60,1.46,6.38,47.16
357161.675,60,60,60,60,60,60,7.67630767822266,60,1.02,7.7,46.28
357261.675,60,60,60,60,60,60,7.83340835571289,60,1.02,7.7,46.28
357361.675,60,60,60,60,60,60,7.96519136428833,60,0.87,6.96,45.98
357461.675,60,60,60,60,60,60,8.07917594909668,60,1.8,5.34,46.93
357561.675,60,60,60,60,60,60,8.96699810028076,60,1.8,5.34,46.93
357661.675,60,60,60,60,60,60,11.433069229126,60,2.95,3.09,48.08
357761.675,60,60,60,60,60,60,13.5433053970337,4.84499979019165,3.01,3.3,48.66
357861.675,60,60,60,60,60,60,15.3489665985107,4.84499979019165,2.94,3.81,49.06
357961.675,60,60,60,60,60,60,16.8940601348877,4.84499979019165,2.7,4.3,49.05
358061.675,60,60,60,60,60,60,18.2161464691162,4.84499979019165,2.44,4.7,48.69
358161.675,60,60,60,60,60,60,60,4.84499979019165,2.11,5.56,48.26
358261.675,60,60,60,60,60,60,60,4.83517980575562,1.82,5.97,47.72
358361.675,60,60,60,60,60,60,60,4.8207221031189,1.63,5.25,47.1
358461.675,60,60,60,60,60,60,21.2994251251221,4.80835056304932,1.63,5.25,47.1
358561.675,60,60,60,60,60,60,21.9164772033691,4.79776430130005,1.6,3.8,45.9
358661.675,60,60,60,60,60,60,22.4444694519043,4.7943286895752,1.84,4.87,45.33
358761.675,60,60,60,60,60,60,22.8962688446045,4.79659080505371,2.03,5.63,44.75
358861.675,60,60,60,60,60,60,23.2828578948975,4.79852628707886,2.03,5.63,44.75
358961.675,60,60,60,60,60,60,23.6136627197266,4.80018186569214,2.12,5.33,43.61
359061.675,60,60,60,60,60,60,23.8967151641846,4.80159950256348,2.01,4.95,43.03
359161.675,60,60,60,60,60,60,60,4.80281162261963,1.89,4.41,42.44
359261.675,60,60,60,60,60,60,60,4.81134557723999,1.87,3.88,41.92
359361.675,60,60,60,60,60,60,60,4.82558345794678,1.81,4.2,41.44
359461.675,60,60,60,60,60,60,60,4.83776617050171,1.78,5.07,40.93
359561.675,60,60,60,60,60,60,60,4.8481912612915,1.79,5.2,40.34
359661.675,60,60,60,60,60,60,60,4.85711145401001,1.73,5.28,39.76
359761.675,60,60,60,60,60,60,60,4.86474418640137,1.59,6.9,39.43
359861.675,60,60,60,60,60,60,60,4.87127590179443,1.33,8.21,39.26
359961.675,60,60,60,60,60,60,60,4.8665828704834,1.11,9.07,39.09
360061.675,60,60,60,60,60,60,60,4.82450151443481,1.11,9.07,39.09
360161.675,60,60,60,60,60,60,60,4.78849315643311,0.49,6.83,38.57
360261.675,60,60,60,60,60,60,60,4.75768232345581,0.79,6.72,38.21
360361.675,60,60,60,60,60,60,60,4.73131799697876,1.51,6.96,37.74
360461.675,60,60,60,60,60,60,60,4.70875883102417,2.31,6.98,37.14
360561.675,60,60,60,60,60,60,60,4.68945455551147,2.86,7.27,36.37
360661.675,60,60,60,60,60,60,60,4.67293643951416,2.95,6.67,35.42
360761.675,60,60,60,60,60,60,60,6.62379550933838,2.68,4.91,34.47
360861.675,60,60,60,60,60,60,60,6.62379550933838,2,3.12,33.71
360961.675,60,60,60,60,60,60,60,6.62379550933838,2,3.12,33.71
361061.675,60,60,60,60,60,60,60,6.62379550933838,0.71,1.15,32.33
361161.675,60,60,60,60,60,60,60,6.62379550933838,0.71,1.15,32.33
361261.675,60,60,60,60,60,60,60,6.62379550933838,0.65,1.28,31.23
361361.675,60,60,60,60,60,60,60,6.62379550933838,1.81,2.7,28.81
361461.675,60,60,60,60,60,60,60,6.8844633102417,2.22,4.31,27.75
361561.675,60,60,60,60,60,60,60,7.10751533508301,2.23,5.39,26.76
361661.675,60,60,60,60,60,60,60,7.29837322235107,2.19,4.95,25.92
361761.675,60,60,60,60,60,60,60,7.4616870880127,2.18,4.32,25.23
361861.675,60,60,60,60,60,60,60,7.60143184661865,2.08,4.5,24.75
361961.675,60,60,60,60,60,60,60,7.72705507278442,1.83,4.94,24.41
362061.675,60,60,60,60,60,60,60,7.84293508529663,1.83,4.94,24.41
362161.675,60,60,60,60,60,60,49.976001739502,7.9420919418335,1.72,6.22,24.02
362261.675,60,60,60,60,60,60,49.976001739502,8.02693653106689,1.87,8.51,21.91
362361.675,60,60,60,60,60,60,49.976001739502,8.09953880310059,1.87,8.51,21.91
362461.675,60,60,60,60,60,60,49.976001739502,8.16166210174561,1.85,7.82,18.17
362561.675,60,60,60,60,60,60,49.976001739502,8.21482086181641,1.89,6.34,16.08
362661.675,60,60,60,60,60,60,49.976001739502,8.26030731201172,1.9,5.59,14.19
362761.675,60,60,60,60,60,60,49.976001739502,8.29922866821289,1.71,5.75,12.62
362861.675,60,60,60,60,60,60,49.976001739502,60,1.71,5.75,12.62
362961.675,60,60,60,60,60,60,49.976001739502,60,1.45,6.62,11.38
363061.675,60,60,60,60,60,60,60,8.29979705810547,0.83,7.95,10.44
363161.675,60,60,60,60,60,60,60,8.29979705810547,-0.61,8.56,9.21
363261.675,60,60,60,60,60,60,60,8.29979705810547,-0.61,8.56,9.21
363361.675,60,60,60,60,60,60,60,8.29979705810547,-1.58,6.76,8.54
363461.675,60,60,60,60,60,60,60,8.29838371276856,-1.61,6.25,8.31
363561.675,3.77500009536743,60,60,60,60,60,60,8.29717445373535,-1.28,5.47,8
363661.675,3.77500009536743,60,60,60,60,60,60,8.29613876342773,-1.28,5.47,8
363761.675,3.77500009536743,60,60,60,60,60,60,8.29525184631348,-0.59,4.39,7.6
363861.675,3.77500009536743,60,60,60,60,60,60,8.33206272125244,0.37,3.85,7.12
363961.675,3.77500009536743,60,60,60,60,60,60,8.3775691986084,2.1,3.14,6.24
364061.675,3.7766752243042,60,60,60,60,60,60,8.42158603668213,2.88,3.57,5.94
364161.675,3.77866792678833,60,60,60,60,60,60,8.46022701263428,3.57,4.68,5.7
364261.675,3.78039312362671,60,60,60,60,60,60,8.49369525909424,3.57,4.68,5.7
364361.675,3.7817018032074,60,60,60,60,60,60,8.51907444000244,3.16,7.07,5.15
364461.675,3.7828996181488,60,60,60,60,60,60,8.5423002243042,2.28,7.07,4.7
364561.675,3.78392434120178,60,60,60,60,60,60,60,1.51,5.88,4.21
364661.675,3.78480124473572,60,60,60,60,60,60,60,0.98,5.02,3.7
364761.675,3.78555154800415,60,60,60,60,60,60,60,0.98,5.02,3.7
364861.675,3.80582571029663,60,60,60,60,60,60,60,0.55,5.43,2.44
364961.675,3.82518982887268,60,60,60,60,60,60,18.384090423584,0.28,6.77,1.78
365061.675,3.8417592048645,60,60,60,60,60,60,20.0193710327148,-0.28,7.53,1.17
365161.675,3.85593724250793,60,60,60,60,60,60,21.418643951416,-0.61,7.61,0.55
365261.675,3.86806917190552,60,60,60,60,60,60,22.6159725189209,-0.61,7.61,0.55
365361.675,3.87845063209534,60,60,60,60,60,60,23.6405029296875,-0.88,6.36,359.27
365461.675,60,60,60,60,60,60,60,24.5171737670898,-0.86,6.09,358.39
365561.675,60,60,60,60,60,60,60,25.2673225402832,-0.55,6.61,357.53
365661.675,60,60,60,60,9.57499980926514,60,60,60,-0.03,7.99,356.83
365761.675,60,60,60,60,9.57499980926514,60,60,60,0.5,9.13,356.38
365861.675,60,60,60,60,9.57499980926514,60,60,60,0.87,10.1,356.4
365961.675,60,60,60,60,9.57499980926514,60,60,60,1.45,10.63,357.06
366061.675,60,60,60,60,9.57499980926514,60,60,60,1.98,10.89,358.33
366161.675,60,60,60,60,9.57499980926514,60,60,60,1.99,11.69,359.93
366261.675,60,60,60,60,9.57499980926514,60,60,60,1.83,12.52,1.61
366361.675,60,60,60,60,9.57499980926514,60,60,60,1.67,13.15,3.02
366461.675,60,60,60,60,9.57499980926514,60,60,60,1.48,13.67,3.79
366561.675,60,60,60,60,9.57499980926514,60,60,60,1.09,14.13,4.04
366661.675,60,60,60,60,9.57499980926514,60,60,60,0.43,14.76,3.88
366761.675,60,60,60,60,9.57499980926514,60,60,60,-0.22,16.14,3.53
366861.675,60,60,60,60,9.57499980926514,60,60,60,-0.66,16.78,2.86
366961.675,60,60,60,60,9.20592212677002,60,60,60,-0.69,17.18,2.1
367061.675,60,60,60,60,8.85220432281494,60,60,60,-0.7,17.23,1.09
367161.675,60,60,60,60,8.54953575134277,60,60,60,-0.21,16.96,0.11
367261.675,60,60,60,60,8.29054737091064,7.19500017166138,60,60,-0.21,16.96,0.11
367361.675,60,60,60,60,8.06893634796143,7.19500017166138,60,60,0.36,16.76,358.95
367461.675,60,60,60,60,7.85869216918945,7.19500017166138,60,60,0.52,16.11,356.82
367561.675,60,60,60,60,7.65971946716309,7.19500017166138,60,60,-0.03,15.87,356.21
367661.675,60,60,60,60,7.48946237564087,7.19500017166138,60,60,-0.71,15.74,355.67
367761.675,60,60,60,60,7.34377670288086,7.34745693206787,60,60,-0.71,15.74,355.67
367861.675,60,60,60,60,7.21911716461182,7.53832626342773,60,60,-1.71,15.31,355.53
367961.675,60,60,60,60,7.17862939834595,7.70164823532105,24.3150005340576,60,-2.17,14.27,355.93
368061.675,60,60,60,60,7.23583364486694,7.84140014648438,24.3150005340576,60,-2.4,12.73,356.26
368161.675,60,60,60,60,7.28478193283081,7.96670532226563,24.3150005340576,60,-2.79,11.3,356.84
368261.675,60,60,60,60,7.32666730880737,8.12160396575928,24.3150005340576,60,-2.66,10.42,357.27
368361.675,60,60,60,60,7.36250638961792,8.25414752960205,24.3150005340576,60,-1.7,9.77,357.71
368461.675,60,60,60,60,60,8.36756134033203,24.3150005340576,60,-0.12,9.35,357.78
368561.675,60,60,60,60,60,8.46460628509522,60,60,1.39,8.69,357.68
368661.675,60,60,60,60,60,8.54764747619629,60,60,3.2,7.74,357.25
368761.675,60,60,60,60,60,60,60,34.0960006713867,4.38,6.34,356.7
368861.675,60,60,60,60,60,60,60,34.0960006713867,4.36,4.12,356.01
368961.675,60,60,60,60,60,60,60,34.0960006713867,3.87,2.24,355.35
369061.675,60,60,60,60,60,60,60,34.0960006713867,3.03,0.76,354.84
369161.675,60,60,60,60,60,60,60,34.0960006713867,2.26,-0.65,354.42
369261.675,60,60,60,60,60,60,60,34.0960006713867,2.26,-0.65,354.42
369361.675,60,60,60,60,60,60,60,34.0960006713867,1.4,-1.99,354.02
369461.675,10.4949998855591,60,60,60,60,60,60,34.0960006713867,1.13,-4.92,353.25
369561.675,10.4949998855591,60,60,60,60,60,60,34.0960006713867,1.66,-6.05,352.54
369661.675,10.4949998855591,60,60,60,60,60,60,34.0960006713867,2.13,-5.87,351.62
369761.675,10.4949998855591,9.06999969482422,60,60,60,60,60,33.3409729003906,2.63,-5.28,350.65
369861.675,10.4949998855591,9.06999969482422,60,60,60,60,60,29.8995265960693,2.87,-3.81,349.59
369961.675,10.4949998855591,9.06999969482422,60,60,60,60,60,26.9547481536865,2.68,-1.74,348.47
370061.675,10.4949998855591,9.06999969482422,60,60,60,60,60,24.4349555969238,2.49,-0.05,347.11
370161.675,60,9.06999969482422,60,60,60,60,60,22.2788200378418,2.63,1.06,345.85
370261.675,60,9.06999969482422,60,60,60,60,60,20.4338607788086,2.5,1.36,344.53
370361.675,60,9.06999969482422,60,60,60,60,60,18.8551654815674,2.86,1.24,343.6
370461.675,60,60,60,60,60,60,60,17.5043067932129,2.78,0.73,342.92
370561.675,,,,,,,,,2.43,0.28,342.87
370661.675,,,,,,,,,2.11,0.31,342.91
370761.675,,,,,,,,,1.9,0.38,342.98
370861.675,,,,,,,,,1.66,0.34,342.93
370961.675,,,,,,,,,1.13,0.39,342.95
371061.675,,,,,,,,,1.13,0.39,342.95
371161.675,,,,,,,,,0.03,1.39,342.47
371261.675,,,,,,,,,0.03,1.39,342.47
371361.675,,,,,,,,,-1.23,3.17,341.51
371461.675,,,,,,,,,-1.23,3.17,341.51
371561.675,,,,,,,,,-2.79,4.52,340.5
371661.675,,,,,,,,,-3.59,5.18,340.03
371761.675,,,,,,,,,-3.71,5.92,339.49
371861.675,,,,,,,,,-3.2,6.71,338.79
371961.675,,,,,,,,,-3.2,6.71,338.79
372061.675,,,,,,,,,-2.48,7.38,338.1
372161.675,,,,,,,,,-1,7.24,336.68
372261.675,,,,,,,,,-0.03,6.82,335.99
372361.675,,,,,,,,,0.75,6.32,335.41
372461.675,,,,,,,,,1.4,5.99,334.86
372561.675,,,,,,,,,2.28,5.75,334.28
372661.675,,,,,,,,,2.28,5.75,334.28
372761.675,,,,,,,,,3.33,5.6,332.88
372861.675,,,,,,,,,3.13,5.76,332.09
372961.675,,,,,,,,,3,5.78,331.18
373061.675,,,,,,,,,2.62,5.8,330.39
373161.675,,,,,,,,,1.9,5.8,329.69
373261.675,,,,,,,,,1.9,5.8,329.69
373361.675,,,,,,,,,0.62,5.99,328.13
373461.675,,,,,,,,,0.62,5.99,328.13
373561.675,,,,,,,,,0.3,6.53,327.27
373661.675,,,,,,,,,0.43,7.83,325.39
373761.675,,,,,,,,,0.43,7.83,325.39
373861.675,,,,,,,,,1.32,8.64,323.03
373961.675,,,,,,,,,1.36,8.7,321.68
374061.675,,,,,,,,,1.36,8.7,321.68
374161.675,,,,,,,,,0.6,8.8,319.64
374261.675,,,,,,,,,0.05,9.4,319.21
374361.675,,,,,,,,,-0.23,10.12,319.01
374461.675,,,,,,,,,-0.23,10.12,319.01
374561.675,,,,,,,,,0.17,10.96,318.78
374661.675,,,,,,,,,0.17,10.96,318.78
374761.675,,,,,,,,,0.23,10.93,318.7
374861.675,,,,,,,,,-0.52,9.32,318.71
374961.675,,,,,,,,,-0.88,8.64,318.67
375061.675,,,,,,,,,-0.88,8.64,318.67
375161.675,,,,,,,,,-1.15,7.51,317.98
375261.675,,,,,,,,,-1.15,7.51,317.98
375361.675,,,,,,,,,-0.88,7.07,316.72
375461.675,28.0900001525879,60,60,60,60,60,60,60,-0.88,7.07,316.72
375561.675,28.0900001525879,60,60,60,60,60,60,60,-0.84,6.75,316.07
375661.675,28.0900001525879,60,60,60,60,60,60,60,-1,6.46,315.46
375761.675,28.0900001525879,60,60,60,60,60,60,60,-1.61,5.97,314.43
375861.675,28.0900001525879,60,60,60,60,60,60,60,-1.65,5.76,313.93
375961.675,28.0900001525879,60,60,60,60,60,60,60,-1.65,5.76,313.93
376061.675,28.0663833618164,60,60,60,60,60,60,60,-1.83,5.43,312.93
376161.675,28.0243320465088,60,60,60,60,60,60,60,-1.81,5.36,312.39
376261.675,27.9883480072021,60,60,60,60,60,60,60,-1.81,5.36,312.39
376361.675,27.9575595855713,60,60,60,60,60,60,60,-1.46,5.06,311.18
376461.675,27.9312133789062,60,60,60,60,60,60,60,-1.47,5.07,310.57
376561.675,27.9086647033691,60,60,60,60,60,60,60,-1.54,5.09,309.96
376661.675,27.8893718719482,60,60,60,60,60,60,60,-1.31,5.15,309.39
376761.675,27.8728656768799,60,60,60,60,60,60,60,-1.1,5.13,308.84
376861.675,27.8587417602539,60,60,60,60,60,60,60,-0.75,5.14,308.27
376961.675,,,,,,,,,-0.58,5.15,307.75
377061.675,,,,,,,,,-0.58,5.15,307.75
377161.675,,,,,,,,,-0.43,5.06,307.07
377261.675,,,,,,,,,-0.43,5.06,307.07
377361.675,,,,,,,,,-0.34,5.1,306.74
377461.675,,,,,,,,,-0.27,5.2,306.36
377561.675,,,,,,,,,-0.29,5.56,305.21
377661.675,,,,,,,,,-0.29,5.56,305.21
377761.675,,,,,,,,,-0.51,5.49,304.34
377861.675,,,,,,,,,-0.68,5.25,303.43
377961.675,,,,,,,,,-0.58,5.15,301.64
378061.675,,,,,,,,,-0.58,5.15,301.64
378161.675,,,,,,,,,-0.46,5.16,299.69
378261.675,,,,,,,,,-0.46,5.16,299.69
378361.675,,,,,,,,,-0.65,5.15,298.72
378461.675,,,,,,,,,-0.77,4.93,296.89
378561.675,,,,,,,,,-0.89,4.92,296.23
378661.675,,,,,,,,,-0.84,5.2,295.7
378761.675,,,,,,,,,-1.06,5.21,295.26
378861.675,,,,,,,,,-1.19,5.08,294.81
378961.675,,,,,,,,,-1.2,5.18,294.23
379061.675,,,,,,,,,-1.13,5.3,293.5
379161.675,,,,,,,,,-1.13,5.3,293.5
379261.675,,,,,,,,,-1.05,5.38,292.66
379361.675,,,,,,,,,-0.84,5.41,291.01
379461.675,,,,,,,,,-0.85,5.49,290.18
379561.675,,,,,,,,,-0.75,5.47,289.46
379661.675,,,,,,,,,-0.65,5.33,288.99
379761.675,,,,,,,,,-0.56,5.31,288.71
379861.675,,,,,,,,,-0.56,5.31,288.71
379961.675,,,,,,,,,0.26,1.84,288.2
380061.675,,,,,,,,,1.2,2.05,287.89
380161.675,,,,,,,,,2.2,2.77,287.51
380261.675,,,,,,,,,3.13,3.7,287.14
380361.675,,,,,,,,,3.88,4.53,286.78
380461.675,,,,,,,,,4.75,4.91,286.33
380561.675,,,,,,,,,5.43,4.56,285.48
380661.675,,,,,,,,,5.59,3.88,283.88
380761.675,,,,,,,,,5.64,3.04,281.62
380861.675,,,,,,,,,4.8,2.26,278.84
380961.675,,,,,,,,,3.52,1.78,275.65
381061.675,,,,,,,,,2.41,1.93,272.2
381161.675,,,,,,,,,1.79,2.89,268.57
381261.675,,,,,,,,,1.79,2.89,268.57
381361.675,,,,,,,,,0.21,5.59,261
381461.675,60,18,60,60,60,60,60,60,-0.36,6.15,257.11
381561.675,60,18,60,60,60,60,60,60,-1.04,6.32,253.21
381661.675,60,18,60,60,60,60,60,60,-1.76,6.41,249.33
381761.675,60,18,60,60,60,60,60,60,-2.51,6.65,245.32
381861.675,60,18,60,60,60,60,60,60,-3.25,7.16,241.19
381961.675,60,60,60,20.4699993133545,60,60,60,60,-3.25,7.16,241.19
382061.675,60,60,60,20.4699993133545,60,60,60,60,-3.76,7.9,233.02
382161.675,60,60,60,20.4699993133545,60,60,60,60,-2.49,7.83,229.12
382261.675,60,60,60,20.4699993133545,60,60,60,60,-0.48,7.62,225.19
382361.675,60,60,60,20.4699993133545,60,60,60,60,-0.48,7.62,225.19
382461.675,60,60,60,20.4699993133545,60,60,60,60,4.32,6.34,216.97
382561.675,60,60,60,20.4699993133545,60,60,60,60,5.43,5.95,213.02
382661.675,60,60,60,20.4699993133545,60,60,60,60,5.98,5.4,209.21
382761.675,60,60,60,20.4699993133545,60,60,60,60,5.79,4.91,205.54
382861.675,60,60,60,20.4699993133545,60,60,60,60,5.47,4.64,202.11
382961.675,60,60,60,20.4699993133545,60,60,60,60,4.71,4.55,198.92
383061.675,60,60,60,20.4699993133545,60,60,60,60,3.7,4.77,195.73
383161.675,60,60,60,20.4699993133545,60,60,60,60,2.87,5.19,192.35
383261.675,60,60,60,20.4699993133545,60,60,60,60,2.43,5.49,188.88
383361.675,60,60,60,20.4699993133545,60,60,60,60,2.33,5.45,185.4
383461.675,60,60,60,20.4699993133545,60,60,60,60,2.8,4.99,181.95
383561.675,60,60,60,20.4699993133545,60,60,60,60,3.52,4.38,178.66
383661.675,60,60,60,20.4699993133545,60,60,60,60,4.01,3.7,175.65
383761.675,60,60,60,20.4699993133545,60,60,60,60,4.11,3.18,172.83
383861.675,60,60,60,20.4699993133545,60,60,60,60,2.93,3.71,170.11
383961.675,60,60,60,20.4699993133545,60,60,60,60,1.35,5.11,167.34
384061.675,60,60,60,20.4699993133545,60,60,60,60,1.35,5.11,167.34
384161.675,60,60,60,20.4699993133545,60,60,60,60,-1.4,5.74,162.44
384261.675,60,60,60,20.4699993133545,60,60,60,60,-2.05,4.96,160.59
384361.675,60,60,60,20.4699993133545,60,60,60,60,-1.94,3.36,159.04
384461.675,60,60,60,20.4699993133545,60,60,60,60,-1.48,2.23,157.68
384561.675,60,60,60,60,6.40000009536743,60,60,60,-1.48,2.23,157.68
384661.675,60,60,60,60,6.40000009536743,60,60,60,0.61,0.94,155.57
384761.675,60,60,60,60,6.40000009536743,60,60,60,2.23,0.44,154.75
384861.675,60,60,60,60,6.40000009536743,60,60,60,3.33,-0.03,154.22
384961.675,60,60,60,60,6.40000009536743,60,60,60,4.03,0.09,154.06
385061.675,60,60,60,60,6.40000009536743,60,60,60,3.7,0.38,154.27
385161.675,60,60,60,60,6.40000009536743,60,60,60,2.55,0.31,154.84
385261.675,60,60,60,60,6.39188098907471,60,60,60,1.99,0.06,155.8
385361.675,60,60,60,60,6.31728410720825,60,60,60,2.01,1.09,157.27
385461.675,60,60,60,60,6.25345373153687,60,60,60,2.01,1.09,157.27
385561.675,60,60,60,21.6925754547119,6.19883537292481,60,60,60,3.88,3.52,161.11
385661.675,60,60,60,21.7946701049805,6.15210008621216,60,60,60,4.85,3.56,162.52
385761.675,60,60,60,21.8820304870605,6.11210870742798,60,60,60,5.07,3.06,163.33
385861.675,60,60,60,21.9567852020264,6.07788896560669,60,60,60,4.48,2.19,163.57
385961.675,60,60,60,22.0207462310791,6.04860782623291,60,60,60,3.57,1.64,163.37
386061.675,60,60,60,22.0124416351318,60,60,60,60,2.64,0.89,162.72
386161.675,60,60,60,21.8692111968994,60,60,60,60,2.64,0.89,162.72
386261.675,60,60,60,21.746654510498,60,60,60,60,0.99,0.23,160.38
386361.675,60,60,60,21.6417808532715,60,60,60,60,-0.07,0.45,158.52
386461.675,60,60,60,21.5520458221436,5.41962242126465,60,60,60,-1.02,0.98,156.3
386561.675,60,60,60,21.4752635955811,5.30205678939819,60,60,60,-2.06,2.08,153.89
386661.675,60,60,60,21.4095592498779,5.20145750045776,60,60,60,-3.04,3.6,151.31
386761.675,60,60,60,60,5.11146068572998,60,60,60,-3.81,5.22,148.75
386861.675,60,60,60,60,5.04097080230713,8.18000030517578,60,60,-3.96,5.7,146.44
386961.675,60,60,60,60,4.95563077926636,8.18000030517578,8.44499969482422,60,-3.74,5.13,144.57
387061.675,60,60,60,60,4.88631248474121,8.18000030517578,8.44499969482422,60,-3.26,4.45,143.2
387161.675,60,60,60,60,4.8269944190979,8.18000030517578,8.44499969482422,60,-3.26,4.45,143.2
387261.675,60,60,60,60,4.77574682235718,8.15153980255127,8.44499969482422,60,-2.51,4.14,142.34
387361.675,60,60,60,60,4.72200632095337,8.11914730072022,8.44499969482422,60,-1.01,3.29,142.04
387461.675,60,60,60,60,4.65244340896606,8.0911283493042,8.47768878936768,60,-0.02,2.51,142.19
387561.675,60,60,60,60,4.59291934967041,8.06715393066406,8.81140041351318,60,0.81,1.8,142.35
387661.675,60,60,60,60,4.54198694229126,8.04663944244385,9.09694862365723,60,1.7,1.06,142.45
387761.675,60,60,60,60,4.49840402603149,8.02908515930176,9.34129047393799,60,2.46,0.17,142.41
387861.675,60,60,60,60,4.4611120223999,60,9.55036354064941,60,2.83,-0.76,142.12
387961.675,60,60,60,60,4.41865110397339,60,9.72926712036133,60,2.83,-0.76,142.12
388061.675,9.125,60,60,60,4.37988042831421,60,9.88234901428223,60,3.57,-1.51,140.91
388161.675,9.125,60,60,60,4.34670352935791,60,10.0133399963379,60,3.57,-1.51,140.91
388261.675,9.125,60,60,60,4.3183159828186,60,60,60,3.12,-0.72,140.29
388361.675,9.125,6.59499979019165,60,60,4.29402446746826,60,60,60,1.63,2.35,139.69
388461.675,9.125,6.59499979019165,60,60,4.27323865890503,60,60,60,1.63,2.35,139.69
388561.675,9.125,6.59499979019165,60,60,4.25545358657837,60,60,60,2.36,2.56,139.39
388661.675,9.125,6.59499979019165,60,60,4.28622961044312,60,60,60,2.36,2.56,139.39
388761.675,60,6.59499979019165,60,60,4.33079099655151,60,60,60,3.9,1.24,139.48
388861.675,60,6.59499979019165,60,60,4.36892127990723,60,60,60,3.72,0.35,139.5
388961.675,60,6.31072473526001,60,60,4.40154886245728,60,60,60,2.73,0.87,139.43
389061.675,60,6.00178003311157,60,60,4.42946767807007,60,60,7.25500011444092,2.73,0.87,139.43
389161.675,7.37408781051636,5.73741769790649,60,60,4.45335721969605,60,60,7.25500011444092,1.06,1.76,139.19
389261.675,7.06898736953735,5.51121187210083,60,60,4.47379875183106,60,60,7.25500011444092,-0.56,4.55,138.25
389361.675,6.80791473388672,5.31764793395996,60,60,4.54560518264771,60,5.15000009536743,7.25500011444092,-0.56,4.55,138.25
389461.675,6.58452320098877,5.15202140808106,60,60,4.61262559890747,3.01500010490417,5.15000009536743,7.25576686859131,-0.21,5.43,136.89
389561.675,6.39336824417114,5.01029634475708,60,60,4.66997480392456,3.01500010490417,5.15000009536743,7.26359462738037,0.56,5.96,135.94
389661.675,6.22980260848999,60,60,60,4.71904563903809,3.01500010490417,5.15000009536743,7.27029132843018,1.39,6.17,134.8
389761.675,6.08984088897705,60,60,60,4.72723150253296,3.01500010490417,5.25140142440796,7.27602195739746,1.39,6.17,134.8
389861.675,60,60,60,60,4.66124486923218,3.01500010490417,5.36160182952881,7.28092527389526,2.55,6.1,132.09
389961.675,60,60,60,5.44500017166138,4.60478019714356,3.04423642158508,5.45590019226074,7.28512144088745,2.55,6.1,132.09
390061.675,60,60,60,5.44500017166138,4.55646514892578,3.13238024711609,5.53658866882324,7.2887110710144,2.15,5.03,129.71
390161.675,60,60,60,5.44500017166138,4.51512241363525,3.20780467987061,5.60563230514526,60,1.88,3.97,128.59
390261.675,60,60,60,5.44500017166138,4.47974681854248,3.27234292030334,5.66471147537231,60,0.49,3.59,127.76
390361.675,60,60,60,5.44500017166138,4.44947624206543,3.32756781578064,5.71526479721069,60,0.49,3.59,127.76
390461.675,6.62353658676147,60,60,5.44500017166138,4.54689693450928,3.37482213973999,5.75852155685425,60,0.28,2.99,127.2
390561.675,6.69735097885132,60,60,5.44500017166138,4.74434185028076,3.38413095474243,5.414137840271,5.06076812744141,0.03,1.58,127.65
390661.675,6.76051235198975,3.83500003814697,60,5.44500017166138,4.91329097747803,3.34889793395996,4.96831369400024,4.63419151306152,0.03,1.58,127.65
390761.675,6.81455850601196,3.83500003814697,60,60,5.05785799026489,3.31874990463257,4.58497524261475,4.26917886734009,0.98,3.2,127.8
390861.675,6.85034942626953,3.83500003814697,60,60,5.08043956756592,3.29295325279236,4.2415018081665,3.95684885978699,0.98,3.2,127.8
390961.675,6.78319072723389,3.93991780281067,60,4.42093992233276,4.72534990310669,3.25330805778503,3.97203373908997,3.97899866104126,1.11,3.33,127.78
391061.675,6.73554515838623,4.05394124984741,60,4.03403234481812,4.40156555175781,3.21242165565491,3.79422926902771,4.11263704299927,1.18,3.48,127.77
391161.675,6.7311372756958,4.16391324996948,60,3.70864248275757,4.09682512283325,3.15649485588074,3.64407753944397,4.27871990203857,1.27,3.51,127.73
391261.675,6.7323899269104,4.26292610168457,60,3.4324734210968,3.81251358985901,3.10649037361145,3.52298545837402,4.46867990493774,1.25,3.49,127.71
391361.675,6.7443118095398,4.3458251953125,60,3.19356942176819,3.56680703163147,3.07163834571838,3.41936588287354,4.63107538223267,1.25,3.49,127.71
391461.675,6.75451374053955,4.41281366348267,60,2.98812294006348,3.35393977165222,3.04181694984436,3.33535265922546,4.76874351501465,1.28,3.5,127.7
391561.675,6.76031255722046,4.47013568878174,60,2.81124901771545,3.16936302185059,3.01667404174805,3.2653067111969,4.88654565811157,1.3,3.54,127.7
391661.675,6.76459741592407,4.51787614822388,60,2.6559271812439,3.00943207740784,2.99550628662109,3.20751857757568,5.01278781890869,1.36,3.58,127.69
391761.675,6.77465867996216,4.55859136581421,60,2.5230188369751,2.86519360542297,2.97739315032959,3.16602373123169,5.1365008354187,1.39,3.6,127.68
391861.675,6.79707670211792,4.59239768981934,60,2.41339612007141,2.74177408218384,2.96550273895264,3.13051795959473,5.24577283859253,1.45,3.62,127.68
391961.675,6.81625986099243,4.62091541290283,60,2.32054114341736,2.62686204910278,2.9553279876709,3.10427069664001,5.37121868133545,1.45,3.62,127.68
392061.675,6.83384704589844,4.64255523681641,60,2.2410876750946,2.52484917640686,2.94812083244324,3.08344960212708,5.47855949401856,1.48,3.63,127.68
392161.675,6.84916734695435,4.65084552764893,60,2.17310047149658,2.43664383888245,2.94334101676941,3.06631827354431,5.58781862258911,1.51,3.67,127.69
392261.675,6.864089012146,4.65793943405151,60,2.11492538452148,2.35919642448425,2.9392511844635,3.05313944816589,5.69204187393189,1.54,3.78,127.69
392361.675,6.87937355041504,4.66576766967773,60,2.06658911705017,2.29292511940002,2.93935942649841,3.04186224937439,5.78122568130493,1.54,3.78,127.69
392461.675,6.89245319366455,4.67287349700928,60,2.02522873878479,2.23482632637024,2.9394519329071,3.03359341621399,60,1.55,3.86,127.69
392561.675,6.90364456176758,4.67895269393921,60,1.9898374080658,2.1735155582428,2.93953084945679,3.03163170814514,60,1.59,4.01,127.68
392661.675,60,4.68415451049805,60,1.96062827110291,2.12105393409729,2.93315410614014,3.02995300292969,60,1.59,4.01,127.68
392761.675,60,4.71169757843018,60,1.93961107730865,2.07616257667541,2.90383458137512,3.02851629257202,60,1.62,4.11,127.67
392861.675,60,4.73526430130005,60,1.92162728309631,2.0377504825592,2.87874746322632,3.02728748321533,60,1.64,4.14,127.67
392961.675,60,4.75543117523193,0.5,1.90623879432678,2.002272605896,2.85728049278259,3.0296618938446,60,1.64,4.18,127.66
393061.675,60,4.77268743515015,0.5,1.89307141304016,1.96225714683533,2.83891153335571,3.03909134864807,60,1.64,4.18,127.66
393161.675,60,4.78745269775391,0.5,1.88180410861969,1.92801630496979,2.82319331169128,3.04716014862061,60,1.66,4.2,127.66
393261.675,60,4.80020332336426,0.5,1.86948096752167,1.89844882488251,2.80325436592102,3.05412721633911,60,1.68,4.23,127.66
393361.675,60,4.81839656829834,0.5,1.8538259267807,1.87364649772644,2.7734751701355,3.05997180938721,60,1.69,4.26,127.66
393461.675,60,4.84099674224854,0.5,1.8402853012085,1.85219419002533,2.74771809577942,3.06502676010132,60,1.71,4.3,127.65
393561.675,60,4.86033630371094,0.5,1.82869851589203,1.83315229415894,2.72567772865295,3.07049465179443,60,1.71,4.3,127.65
393661.675,60,4.87688446044922,0.5,1.81878411769867,1.81537926197052,2.7068190574646,3.07763886451721,60,1.72,4.31,127.65
393761.675,60,4.89104461669922,0.5,1.80969595909119,1.80017101764679,2.68917083740234,3.08375239372253,60,1.73,4.33,127.65
393861.675,60,4.90494585037231,0.5,1.80108058452606,1.78715753555298,2.67197203636169,3.0889835357666,60,1.74,4.34,127.65
393961.675,60,4.9179425239563,0.5,1.79370868206024,1.77602219581604,2.65725541114807,3.09345984458923,60,1.75,4.35,127.65
394061.675,60,4.92905616760254,0.5,1.78740465641022,1.76463901996613,2.64467072486877,3.09883713722229,60,1.76,4.36,127.65
394161.675,60,4.9385666847229,0.5,1.7820098400116,1.7545952796936,2.63390135765076,3.10405278205872,60,1.76,4.36,127.65
394261.675,60,4.94727897644043,0.5,1.77450859546661,1.74600028991699,2.62468481063843,3.1085159778595,60,1.76,4.37,127.66
394361.675,60,4.95632410049439,0.501442193984985,1.76808965206146,1.73678433895111,2.61679840087891,3.1123354434967,60,1.77,4.38,127.67
394461.675,60,4.96341609954834,0.502572894096375,1.76305687427521,1.72928166389465,2.61061453819275,3.1153302192688,60,1.77,4.38,127.67
394561.675,60,4.97038173675537,0.503683507442474,1.75869965553284,1.72191250324249,2.60395550727844,3.11827111244202,60,1.77,4.38,127.67
394661.675,60,4.97310876846314,0.504561543464661,1.75540554523468,1.71657598018646,2.59854102134705,3.12099409103394,60,1.78,4.39,127.67
394761.675,60,4.97563600540161,0.50537496805191,1.75235319137573,1.71185290813446,2.59352397918701,3.12458515167236,60,1.78,4.39,127.67
394861.675,60,4.97763299942017,0.506017744541168,1.75119531154633,1.70812046527863,2.58872318267822,3.12742280960083,60,1.78,4.4,127.67
394961.675,60,4.98144578933716,0.507059812545776,1.751016497612,1.70653629302979,2.58367896080017,3.13036108016968,60,1.79,4.4,127.67
395061.675,60,4.98484516143799,0.508205771446228,1.75086975097656,1.70703625679016,2.57954025268555,3.1353600025177,60,1.79,4.41,127.67
395161.675,60,4.98775434494019,0.509186327457428,1.74961972236633,1.70746397972107,2.57599878311157,3.13963770866394,60,1.79,4.41,127.67
395261.675,60,4.99231004714966,0.510025382041931,1.74750995635986,1.70897209644318,2.57296848297119,3.14329814910889,60,1.79,4.41,127.67
395361.675,60,4.99702835083008,0.510743319988251,1.74570441246033,1.71272850036621,2.57037544250488,3.14931654930115,60,1.8,4.42,127.68
395461.675,60,5.00106430053711,0.511357665061951,1.74461627006531,1.71594285964966,2.56792783737183,3.15446662902832,60,1.8,4.42,127.68
395561.675,60,5.00301790237427,0.511198103427887,1.74467170238495,1.72958850860596,2.56534004211426,3.15887331962585,60,1.8,4.43,127.69
395661.675,60,5.00330352783203,0.509581983089447,1.74471914768219,1.78160297870636,2.5631263256073,3.16440224647522,60,1.81,4.43,127.7
395761.675,60,5.00354862213135,0.508199036121368,1.7446049451828,1.82611072063446,2.56115484237671,3.16953945159912,60,1.81,4.43,127.7
395861.675,60,5.00406074523926,0.507170498371124,1.74321866035461,1.86434984207153,2.5588231086731,3.1739354133606,60,1.81,4.43,127.7
395961.675,60,5.00491809844971,0.507578909397125,1.74203252792358,1.8983588218689,2.55682802200317,3.17635798454285,60,1.82,4.43,127.7
396061.675,60,5.00565147399902,0.507928252220154,1.74101769924164,1.92745912075043,2.55512118339539,3.17760539054871,60,1.82,4.44,127.71
396161.675,60,5.00673961639404,0.508227288722992,1.74159240722656,1.95236027240753,2.55293893814087,3.17867279052734,60,1.82,4.44,127.71
396261.675,60,5.00937461853027,0.51064795255661,1.74208414554596,1.92000722885132,2.55107164382935,3.180335521698,60,1.83,4.44,127.72
396361.675,60,5.01162958145142,0.512719213962555,1.74250495433807,1.88681256771088,2.54947400093079,3.18245220184326,60,1.83,4.44,127.72
396461.675,60,5.01348209381104,0.514491558074951,1.7422788143158,1.8584086894989,2.54752039909363,3.18426299095154,60,1.83,4.44,127.73
396561.675,60,5.01442384719849,0.514835834503174,1.74194991588593,1.83100306987762,2.54571342468262,3.18535566329956,60,1.84,4.45,127.73
396661.675,60,5.01522874832153,0.514859557151794,1.74166858196259,1.80632400512695,2.54416728019714,3.18530440330505,60,1.84,4.45,127.73
396761.675,60,5.01591730117798,0.514879822731018,1.74091100692749,1.78520655632019,2.54284429550171,3.1852605342865,60,1.84,4.45,127.74
396861.675,60,5.01519775390625,0.515930771827698,1.74005806446075,1.76751160621643,2.54171228408813,3.1849160194397,60,1.85,4.45,127.75
396961.675,60,5.01444721221924,0.517239689826965,1.73932814598084,1.75271713733673,2.54074382781982,3.18348503112793,60,1.85,4.45,127.75
397061.675,60,5.01380586624146,0.518359661102295,1.73885822296143,1.74005770683289,2.53999209403992,3.18226075172424,60,1.85,4.45,127.75
397161.675,60,5.01325654983521,0.519163370132446,1.73974454402924,1.72922539710999,2.5399923324585,3.18121266365051,60,1.86,4.46,127.75
397261.675,60,5.01278638839722,0.518562436103821,1.74050319194794,1.7192348241806,2.5399923324585,3.18165469169617,60,1.86,4.46,127.76
397361.675,60,5.01238393783569,0.518048346042633,1.74084520339966,1.71068596839905,2.53968572616577,3.18285918235779,60,1.86,4.46,127.76
397461.675,60,5.01324844360352,0.518222212791443,1.7400016784668,1.7035254240036,2.5382878780365,3.18388962745666,60,1.87,4.46,127.77
397561.675,60,5.01566600799561,0.520643591880798,1.73927974700928,1.6986870765686,2.53709173202515,3.18425440788269,60,1.87,4.45,127.77
397661.675,60,5.01773500442505,0.522715508937836,1.73866188526154,1.69454693794251,2.53606820106506,3.18436193466187,60,1.88,4.45,127.77
397761.675,60,5.01927709579468,0.52448844909668,1.73813354969025,1.69100439548492,2.53374934196472,3.1844539642334,60,1.88,4.46,127.78
397861.675,60,5.02010345458984,0.526005446910858,1.73768126964569,1.68731868267059,2.53176522254944,3.18528199195862,60,1.88,4.46,127.79
397961.675,60,5.0208101272583,0.527303576469421,1.73713958263397,1.68409776687622,2.53006744384766,3.18668437004089,60,1.88,4.46,127.8
398061.675,60,5.02201986312866,0.528491735458374,1.73538744449615,1.68134164810181,2.52861428260803,3.18788456916809,60,1.88,4.46,127.8
398161.675,60,5.02389287948608,0.530152559280396,1.73388826847076,1.67537534236908,2.52737092971802,3.18846487998962,60,1.89,4.46,127.81
398261.675,60,5.02549552917481,0.53157377243042,1.73305201530457,1.67026996612549,2.52630734443665,3.18868684768677,60,1.89,4.46,127.82
398361.675,60,5.02752161026001,0.531450629234314,1.73261141777039,1.66252768039703,2.52539706230164,3.18926310539246,60,1.9,4.46,127.82
398461.675,60,5.02932214736939,0.530519664287567,1.73223471641541,1.65278220176697,2.52461814880371,3.19297742843628,60,1.9,4.46,127.83
398561.675,60,5.03063106536865,0.529723048210144,1.73060357570648,1.64444315433502,2.52395176887512,3.1961555480957,60,1.9,4.46,127.83
398661.675,60,5.02981805801392,0.530350267887116,1.72907340526581,1.63554918766022,2.52338171005249,3.19796848297119,60,1.9,4.46,127.84
398761.675,60,5.02912282943726,0.531021356582642,1.72776401042938,1.62753236293793,2.52289342880249,3.19826197624207,60,1.9,4.46,127.84
398861.675,60,5.02898693084717,0.531595528125763,1.7280867099762,1.62067246437073,2.5224757194519,3.19851303100586,60,1.91,4.46,127.85
398961.675,60,5.0305757522583,0.5306436419487,1.72836291790009,1.61938345432282,2.52211809158325,3.19835305213928,60,1.91,4.47,127.85
399061.675,60,5.03193664550781,0.529829084873199,1.72747468948364,1.61875081062317,2.52068781852722,3.19786882400513,60,1.91,4.47,127.86
399161.675,60,5.0331130027771,0.529165923595428,1.72636103630066,1.61841595172882,2.51928734779358,3.19761276245117,60,1.91,4.47,127.87
399261.675,60,5.0331130027771,0.529165923595428,1.72636103630066,1.61841595172882,2.51928734779358,3.19761276245117,60,1.91,4.47,127.87
399361.675,60,5.0331130027771,0.529165923595428,1.72636103630066,1.61841595172882,2.51928734779358,3.19761276245117,60,1.92,4.47,127.88
399461.675,60,5.03008460998535,0.523878991603851,1.72398698329926,1.6022127866745,2.52141952514648,3.19029808044434,60,1.92,4.47,127.89
399561.675,60,5.02935075759888,0.52259749174118,1.72341156005859,1.59828555583954,2.52156162261963,3.1902551651001,60,1.92,4.47,127.89
399661.675,60,5.03130674362183,0.521126210689545,1.72291910648346,1.59583175182343,2.52133631706238,3.19021821022034,60,1.92,4.47,127.9
399761.675,60,5.0340051651001,0.519520580768585,1.72249782085419,1.59499001502991,2.52114343643188,3.19235134124756,60,1.93,4.47,127.91
399861.675,60,5.03569936752319,0.518146574497223,1.7235803604126,1.59426999092102,2.51953506469727,3.19417667388916,60,1.93,4.47,127.92
399961.675,60,5.03487682342529,0.519135653972626,1.7245067358017,1.59365379810333,2.51815891265869,3.19311475753784,60,1.93,4.47,127.93
400061.675,60,5.03417301177979,0.519981980323792,1.72454988956451,1.59312665462494,2.51773118972778,3.18977904319763,60,1.93,4.47,127.93
400161.675,60,5.03253746032715,0.51958155632019,1.72389328479767,1.6210823059082,2.51805853843689,3.18692469596863,60,1.93,4.48,127.94
400261.675,60,5.03072834014893,0.518198668956757,1.72333133220673,1.68442678451538,2.51833844184875,3.18664693832397,60,1.93,4.48,127.95
400361.675,60,5.02948665618897,0.51701545715332,1.72285044193268,1.73862934112549,2.43920230865479,3.18640923500061,60,1.93,4.48,127.96
400461.675,60,5.02956056594849,0.516724586486816,1.72243916988373,1.73281252384186,2.37148690223694,3.18808007240295,60,1.93,4.48,127.96
400561.675,60,5.02962398529053,0.516475677490234,1.72208714485168,1.70715057849884,2.29545664787292,3.19124364852905,60,1.93,4.48,127.97
400661.675,60,5.03226232528687,0.517762124538422,1.72178602218628,1.64110958576202,2.22323083877563,3.19395041465759,60,1.94,4.48,127.98
400761.675,60,5.03554391860962,0.520249783992767,1.72152817249298,1.48941349983215,2.15513730049133,3.19338035583496,60,1.94,4.48,127.98
400861.675,60,5.03712463378906,0.522378504276276,1.71914279460907,1.35961019992828,2.07357668876648,3.19289207458496,60,1.94,4.48,127.98
400961.675,60,5.03393173217773,0.524199962615967,1.71710169315338,60,2.00378704071045,3.19659805297852,60,1.99,4.54,127.97
401061.675,60,5.03119897842407,0.525758624076843,1.66362571716309,60,1.93735086917877,3.20358347892761,60,1.99,4.44,127.94
401161.675,60,5.03299617767334,0.524468421936035,1.57001614570618,60,1.87784039974213,3.20956087112427,60,2.07,4.46,127.54
401261.675,60,5.03617191314697,0.520937085151672,1.48991620540619,60,1.82691860198975,3.22333478927612,60,2.14,4.61,127.63
401361.675,60,5.03888988494873,0.517915487289429,60,60,1.77107846736908,3.23512053489685,60,2.14,4.64,127.68
401461.675,60,4.99142551422119,0.531350433826447,60,60,1.72329771518707,3.25226473808289,60,2.13,4.64,127.73
401561.675,60,4.95081043243408,0.549195528030396,60,60,1.6842679977417,3.2930691242218,60,2.13,4.66,127.83
401661.675,60,4.91829919815064,0.564465284347534,60,60,1.66633367538452,3.32798433303833,60,2.16,4.7,127.86
401761.675,60,4.90916395187378,0.569325506687164,60,60,1.65098762512207,3.35626196861267,60,2.31,4.82,127.84
401861.675,60,4.9013466835022,0.571587681770325,60,60,1.70420491695404,3.37700629234314,60,2.28,4.78,127.89
401961.675,60,4.89555311203003,0.573831915855408,60,60,1.81107842922211,3.39475035667419,60,2.39,4.88,127.8
402061.675,60,4.89094591140747,0.578531205654144,60,60,1.90665626525879,3.42380809783936,60,2.49,4.98,127.91
402161.675,60,4.88720512390137,0.582348465919495,60,60,1.99901652336121,3.46291875839233,60,2.49,4.98,127.91
402261.675,60,4.89205884933472,0.587901830673218,60,0.5,2.08712339401245,3.49638628959656,60,2.46,4.91,127.96
402361.675,60,4.89753103256226,0.599020779132843,60,0.5,2.16253161430359,3.52655482292175,60,2.46,4.91,127.96
402461.675,60,4.90221500396729,0.608539402484894,60,0.5,2.23204708099365,3.55662655830383,60,2.56,4.95,128.08
402561.675,60,4.89575529098511,0.616231024265289,60,0.5,2.29308795928955,3.58236932754517,60,2.56,4.95,128.08
402661.675,60,4.88915205001831,0.62182605266571,60,0.5,2.34531831741333,3.60439658164978,60,2.8,4.96,128.16
402761.675,60,4.88319206237793,0.626613676548004,60,0.5,2.4034481048584,3.65643906593323,60,2.77,4.91,128.17
402861.675,60,4.87551593780518,0.630710363388062,60,60,2.45851302146912,3.7009699344635,60,2.87,4.95,128.09
402961.675,60,4.86894702911377,0.634215831756592,60,60,2.50563192367554,3.73907446861267,60,2.87,4.95,128.09
403061.675,60,4.86332654953003,0.637215256690979,60,60,2.54594945907593,3.77648878097534,60,2.9,4.82,128.15
403161.675,60,4.84352254867554,0.639781951904297,60,60,2.59853672981262,3.85348391532898,60,2.9,4.82,128.15
403261.675,60,4.8127064704895,0.641064524650574,60,0.5,2.6507031917572,3.91936802864075,60,2.94,4.77,128.13
403361.675,60,4.78633832931519,0.640189230442047,60,0.5,2.69534087181091,3.97574400901794,60,2.97,4.78,128.07
403461.675,60,4.76377630233765,0.639440417289734,60,0.5,2.73353600502014,4.02398347854614,60,3.11,4.85,127.89
403561.675,60,4.74447011947632,0.638799667358398,60,0.5,2.7662193775177,60,60,3.11,4.68,127.84
403661.675,60,4.68375968933106,0.63825124502182,60,0.5,2.83606624603271,60,60,3.05,4.64,127.91
403761.675,60,4.60456323623657,0.641530513763428,60,0.5,2.90013432502747,60,60,3.05,4.64,127.91
403861.675,60,4.53679800033569,0.647803783416748,60,0.5,2.95495510101318,60,60,3.02,4.6,127.94
403961.675,60,4.47881078720093,0.653171956539154,60,0.5,3.00186562538147,60,60,3.17,4.74,127.91
404061.675,60,4.42919397354126,0.657765328884125,60,0.5,3.04200506210327,60,60,3.25,4.8,127.94
404161.675,60,4.38556432723999,0.661695778369904,60,0.5,3.08068227767944,60,60,3.25,4.8,127.94
404261.675,60,4.34801387786865,0.66238260269165,60,0.5,3.11372995376587,60,60,3.27,4.75,127.94
404361.675,60,4.31582880020142,0.661317110061646,60,0.5,3.14205574989319,60,60,3.27,4.75,127.94
404461.675,60,4.28828859329224,0.660405337810516,60,0.5,3.16629338264465,60,60,3.32,4.79,127.94
404561.675,60,4.26472282409668,0.659625291824341,60,0.5,3.18703317642212,60,60,3.25,4.72,128
404661.675,60,4.2404351234436,0.658957719802856,60,0.5,3.21102857589722,60,60,3.25,4.72,128
404761.675,60,4.21583795547485,0.658233046531677,60,0.5,3.23541474342346,60,60,3.27,4.72,128.04
404861.675,60,4.19479036331177,0.657044887542725,60,0.5,3.25628089904785,60,60,3.29,4.73,128.05
404961.675,60,4.17678022384644,0.656028091907501,60,0.5,3.27413582801819,60,60,3.33,4.76,128.06
405061.675,60,4.16136932373047,0.65515810251236,60,0.5,3.28941416740417,60,60,3.33,4.76,128.06
405161.675,60,4.14576578140259,0.654413759708405,60,0.5,3.30454301834106,60,60,3.36,4.75,128.05
405261.675,60,4.12890577316284,0.653770983219147,60,0.5,3.32208657264709,60,60,3.36,4.75,128.05
405361.675,60,4.11476278305054,0.648650884628296,60,0.5,3.33680272102356,60,60,3.35,4.69,128.1
405461.675,60,4.10253000259399,0.643794417381287,60,0.5,3.34953117370605,60,60,3.37,4.68,128.09
405561.675,60,4.09206295013428,0.639638841152191,60,0.5,3.36042261123657,60,60,3.35,4.67,128.12
405661.675,60,4.08310604095459,0.636082947254181,60,0.5,3.36974239349365,60,60,3.35,4.69,128.14
405761.675,60,4.06894731521606,0.633040249347687,60,0.5,3.38753271102905,60,60,3.35,4.68,128.16
405861.675,60,4.05683135986328,0.632310926914215,60,0.5,3.40376305580139,60,60,3.35,4.64,128.17
405961.675,60,4.04646396636963,0.633420586585999,60,0.5,3.41765165328979,60,60,3.36,4.63,128.18
406061.675,60,4.03759431838989,0.634370148181915,60,0.5,3.42953634262085,60,60,3.33,4.64,128.24
406161.675,60,4.03000402450562,0.635182619094849,60,0.5,3.43970561027527,60,60,3.33,4.64,128.24
406261.675,60,4.01949119567871,0.635877907276154,60,0.5,3.44929981231689,60,60,3.33,4.62,128.27
406361.675,60,4.0080189704895,0.63677978515625,60,0.5,3.45805954933166,60,60,3.36,4.63,128.26
406461.675,60,3.99820256233215,0.63868772983551,60,0.5,3.46555542945862,60,60,3.36,4.63,128.26
406561.675,60,3.98980307579041,0.640320360660553,60,0.5,3.47196984291077,60,60,3.32,4.64,128.35
406661.675,60,3.98261570930481,0.641717314720154,60,0.5,3.47745871543884,60,60,3.32,4.64,128.35
406761.675,60,3.97715091705322,0.642912685871124,60,0.5,3.48230862617493,60,60,3.31,4.62,128.36
406861.675,60,3.97395396232605,0.64393550157547,60,0.5,3.48702669143677,60,60,3.34,4.61,128.35
406961.675,60,3.9712188243866,0.644810736179352,60,0.5,3.49106383323669,60,60,3.33,4.61,128.38
407061.675,60,3.96887826919556,0.645559549331665,60,0.5,3.4945182800293,60,60,3.32,4.61,128.4
407161.675,60,3.96687531471252,0.646200299263001,60,0.5,3.49747443199158,60,60,3.31,4.62,128.43
407261.675,60,3.96514558792114,0.64675372838974,60,0.5,3.50002694129944,60,60,3.32,4.61,128.45
